Study Name,Year,No. of,No of,Drug,Sponsor,No.,Mean,%,Dose,Dosing,Mean,Baseline,Mean,Length,Diagno,Recruitmen,Multi/,Treatment,Patient,Placeb,Rescue,,
Aberg‐Wisted,2000,2,2,paroxetine,No,177,*,*,20‐40,Flexible,*,MADRS,30.70,8,DSM‐,Europe,Multi‐,Unclear,Outpatients,No,Unclear,,
Aguglia 1993,1993,2,2,sertraline,No,52,57.5,*,50‐150,Flexible,72,HAMD 17,24.80,8,DSM‐,Europe,Multi‐,Unclear,Outpatients,Yes,Unclear,,
AK1102365,unpublis,2,2,bupropion,Yes,166,36.8,0.47,200‐300,Flexible,*,HAMD 17,19.40,12,*,Asia,Multi‐,Unclear,Unclear,No,Unclear,,
Alexopoulos,2004,3,3,escitalopram,Yes,136,39.5,*,10‐20,Flexible,*,HAMD 24,26.47,8,DSM‐IV,North,Multi‐,Unclear,Outpatients,Unclear,Unclear,,
Allard 2004,2004,2,2,citalopram,No,75,72.5,*,20‐30,Flexible,26,MADRS,27.00,8,DSM‐IV,Europe,Multi‐,Unclear,Outpatients,No,Unclear,,
Altamura,1989,2,3,amitriptyline,Unclear,37,66.43,0.57,75‐75,Fixed,75,HAMD 21,29.03,5,DSM‐III,Europe,Multi‐,Unclear,Inpatients,Unclear,Unclear,,
Alvarez 2012,2012,4,4,placebo,No,105,42,0.66,0‐0,Fixed,0,HAMD 24,29.70,6,DSM‐IV,Cross‐,Multi‐,Secondary,Outpatients,Unclear,Yes,,
Alves 1999,1999,2,2,fluoxetine,No,47,42.3,*,20‐40,Flexible,*,HAMD 21,26.90,12,DSM‐IV,Europe,Multi‐,Unclear,Outpatients,No,Unclear,,
Amin 1984,1984,2,3,fluvoxamine,Yes,161,42 (*),*,*,Flexible,155,HAMD,22.60,4,Feighne,Cross‐,Multi‐,Secondary,Both,Unclear,Unclear,,
Amini 2005,2005,2,2,mirtazapine,No,18,35,*,30‐30,Fixed,30,HAMD 17,25.80,6,DSM‐IV,Asia,Single,Secondary,Both,No,Unclear,,
Amsterdam,1986,2,3,amitriptyline,No,55,41,*,200‐300,Flexible,182,HAMD 21,24.5,4,RDC,North,Single,Secondary,Outpatients,Yes,Yes,,
Andersen 1986,1986,2,2,citalopram,Unclear,57,*,0.70,40‐40,Fixed,40,HAMD 17,22.5,5,*,Europe,Multi‐,Secondary,Inpatients,Yes,Yes,,
Ansseau 1989a,1989,3,3,milnacipran,Unclear,47,48.6,0.66,50‐50,Fixed,50,HAMD 17,25.10,4,RDC,Europe,Multi‐,Secondary,Inpatients,Yes,Yes,,
Ansseau 1989b,1989,2,2,milnacipran,Unclear,44,49.6,*,200‐200,Fixed,200,HAMD 24,37.30,4,RDC,Europe,Multi‐,Secondary,Inpatients,Yes,Yes,,
Ansseau 1991,1991,3,3,fluvoxamine,Unclear,41,46.6,*,200‐200,Fixed,200,HAMD 24,32.69,4,RDC,Europe,Multi‐,Secondary,Inpatients,Yes,Yes,,
Ansseau 1994a,1994,2,2,paroxetine,Yes,55,43.7,0.46,20‐30,Flexible,*,HAMD 21,26.00,6,DSM‐,Europe,Multi‐,Other/Unc,Other/Unclea,Yes,Unclear,,
Ansseau 1994b,1994,2,2,milnacipran,Yes,97,44.8,*,100‐100,Fixed,100,HAMD 24,30.60,6,DSM‐,Europe,Multi‐,Secondary,Outpatients,Yes,Yes,,
Ansseau 1994c,1994,2,2,nefazodone,Yes,55,45.8,0.73,100‐400,Flexible,242,HAMD 17,27.70,6,DSM‐,Europe,Multi‐,Secondary,Inpatients,Unclear,Yes,,
Armitage 1997,1997,2,2,nefazodone,Yes,22,37.1,0.50,400‐500,Flexible,433,HAMD 17,23.50,8,DSM‐,North,Multi‐,Other/Unc,Outpatients,Unclear,Unclear,,
Asnis 2013,2013,4,4,placebo,No,179,41.3,0.61,0‐0,Fixed,0,HAMD,17,24.60,8,DSM‐IV,North,Multi‐,Unclear,Outpatients,Yes,Yes,
Bakish 1992,1992,2,3,amitriptyline,No,58,42 (9),*,50‐150,Flexible,112,HAMD,17,22.81,6,DSM‐,North,Multi‐,Unclear,Outpatients,Yes,Yes,
Bakish 1997,1997,2,2,fluoxetine,No,9,39 (9),0.62,20‐80,Flexible,*,HAMD,17,22.30,12,DSM‐,North,Unclear,Unclear,Other/Unclea,Unclear,Yes,
Bakish 2014,2014,3,3,placebo,No,189,42.3,0.62,0‐0,Fixed,0,MADR,S,31.00,8,DSM‐IV,North,Multi‐,Unclear,Outpatients,Yes,Unclear,
Baldwin 1996,1996,2,2,nefazodone,Yes,105,38.3,0.60,200‐600,Flexible,472,HAMD,17,24.60,8,DSM‐,Europe,Multi‐,Secondary,Outpatients,Unclear,Yes,
Baldwin 2006a,2006,2,2,reboxetine,Yes,159,42.4,0.63,8‐10,Flexible,9,HAMD,17,24.20,8,DSM‐IV,Europe,Multi‐,Other/Unc,Other/Unclea,Unclear,Yes,
Baldwin 2006b,2006,2,2,paroxetine,No,159,45.1,*,20‐40,Flexible,26,MADR,S,29.70,8,DSM‐,Europe,Multi‐,Other/Unc,Other/Unclea,Yes,Unclear,
Baldwin 2012,2012,4,5,placebo,No,152,43.3,0.70,0‐0,Fixed,0,HAMD,24,29.80,8,DSM‐IV,Cross‐,Multi‐,Secondary,Both,Unclear,Yes,
Ban 1998,1998,2,3,reboxetine,Unclear,84,46.4,0.50,8‐8,Fixed,8,HAMD,17,26.89,4,DSM‐,Cross‐,Multi‐,Secondary,Inpatients,No,Yes,
Barber 2011,2011,2,3,sertraline,No,55,38,*,50‐200,Fixed,200,HAMD 17,19.00,16,DSM‐IV,North,Multi‐,Secondary,Outpatients,No,Unclear,,
Battegay 1985,1985,2,2,paroxetine,Yes,11,41.5,0.55,30‐30,Fixed,30,*,*,7,*,Europe,Single,Unclear,Unclear,Unclear,Unclear,,
Beasley 1991,1991,2,2,trazodone,No,61,40,0.69,50‐400,Flexible,244,HAMD 21,24.30,6,DSM‐III,North,Multi‐,Unclear,Outpatients,Yes,Yes,,
Behnke 2003,2003,2,2,mirtazapine,Yes,176,42,*,30‐45,Flexible,38,HAMD 17,*,8,DSM‐IV,Cross‐,Multi‐,Both,Unclear,No,Unclear,,
Benkert 2000,2000,2,2,mirtazapine,Yes,139,47.2,*,15‐45,Flexible,33,HAMD 17,22.40,6,DSM‐IV,Europe,Multi‐,Both,Outpatients,Yes,Unclear,,
Benkert,2006,2,2,mirtazapine,Yes,140,46.4,0.56,45‐45,Fixed,45,HAMD 17,24.60,6,DSM‐IV,Europe,Multi‐,Unclear,Outpatients,No,Unclear,,
Bennie 1995,1995,2,2,sertraline,Yes,142,49.9,*,50‐100,Flexible,62,HAMD 17,23.20,6,DSM‐,Europe,Multi‐,Secondary,Outpatients,Yes,Yes,,
Berlanga 1997,1997,2,2,nefazodone,Yes,37,41.5,0.78,400‐500,Flexible,400,HAMD 17,25.10,8,DSM‐,South,Multi‐,Unclear,Outpatients,Unclear,Yes,,
Berlanga 2006,2006,2,2,reboxetine,No,46,29.2,*,4‐8,Flexible,*,HAMD 21,26.99,8,DSM‐IV,South,Single,Secondary,Outpatients,No,No,,
Bersani 1994,1994,2,2,sertraline,Unclear,34,47.2,0.63,50‐150,Flexible,88,HAMD 21,33,8,DSM‐,Europe,Unclear,Unclear,Outpatients,Unclear,No,,
Bhatia 1991,1991,2,3,amitriptyline,No,7,38,*,200‐300,Flexible,250,HAMD 17,32.92,6,DSM‐III,North,Multi‐,Secondary,Inpatients,No,Unclear,,
Bielski 2004,2004,2,2,escitalopram,Yes,101,37.3,*,20‐20,Fixed,20,HAMD 24,28.60,8,DSM‐IV,North,Multi‐,Secondary,Outpatients,Yes,Unclear,,
Bignamini 1992,1992,2,2,paroxetine,Yes,156,49.1,*,20‐30,Flexible,*,HAMD,21,30.50,6,DSM‐III,Europe,Multi‐,Unclear,Outpatients,Unclear,Unclear,
Binnemann,2008,2,3,sertraline,Yes,43,49 (*),*,100‐100,Fixed,100,HAMD,17,23.30,6,DSM‐IV,Cross‐,Multi‐,Unclear,Outpatients,Yes,Unclear,
Bjerkenstedt,2005,2,3,fluoxetine,No,57,50.4,*,20‐20,Fixed,20,HAMD,21,23.80,6,DSM‐IV,Europe,Multi‐,Primary,Outpatients,Yes,Unclear,
Blacker 1988,1988,2,4,amitriptyline,No,44,42,*,100‐100,Fixed,100,HAMD,21,26.70,6,DSM‐III,Europe,Multi‐,Primary,Outpatients,Unclear,Unclear,
Bosc 1997a,1997,3,3,reboxetine,Yes,126,40,0.67,8‐10,Flexible,*,HAMD,21,26.80,8,DSM‐,Cross‐,Multi‐,Unclear,Outpatients,No,Yes,
Bosc 1997b,1997,2,2,reboxetine,Yes,79,44,0.72,8‐10,Flexible,8,HAMD,21,28.60,8,DSM‐,Cross‐,Multi‐,Unclear,Both,Unclear,Yes,
Bose 2008,unpublis,2,2,escitalopram,Yes,132,68.1,*,10‐20,Flexible,*,HAM,D,24.90,12,DSM‐IV,North,Multi‐,Unclear,Outpatients,Unclear,Unclear,
Bougerol 1997,1997,2,2,fluoxetine,No,158,41 (*),*,20‐20,Fixed,20,MADR,S,31.80,8,DSM‐,Europe,Multi‐,Secondary,Other/Unclea,No,Yes,
Boulenger 2006,2006,2,2,escitalopram,Yes,232,43.8,*,20‐20,Fixed,20,MADR,S,35.20,24,DSM‐IV,Europe,Multi‐,Both,Outpatients,No,Unclear,
Boulenger 2014,2014,4,4,placebo,No,158,48.1,0.70,0‐0,Fixed,0,MADR,S,31.50,8,DSM‐IV,Cross‐,Multi‐,Secondary,Both,Unclear,Yes,
Boyer 2008,2008,3,3,desvenlafaxi,Yes,166,44,0.70,50‐50,Fixed,50,HAMD,17,24.26,8,DSM‐IV,Cross‐,Multi‐,Both,Outpatients,Unclear,Unclear,
Bremner,1995,3,3,amitriptyline,No,50,39 (*),*,40‐280,Flexible,187,HAMD,21,32,6,DSM‐III,North,Single,Secondary,Outpatients,Yes,Yes,
Brown 1986,1986,2,3,fluvoxamine,Unclear,33,33.4,*,200‐300,Flexible,214,HAMD,21,*,6,DSM‐III,North,Multi‐,Secondary,Outpatients,Unclear,Unclear,
Brunoni 2012,2012,2,4,sertraline,No,30,41,*,50‐50,Fixed,50,MADR,S,30.5,6,DSM‐IV,South,Single,Secondary,Outpatients,No,Yes,
Buchsbaum,1997,2,2,sertraline,Yes,7,38.5,0.59,*,Other/U,*,HAMD,24,32.00,10,DSM‐,North,Unclear,Secondary,Unclear,Yes,Unclear,
Bueno 1997,1997,2,2,nefazodone,Unclear,19,46.7,0.79,200‐500,Flexible,*,HAM,D,*,8,DSM‐,South,Unclear,Unclear,Outpatients,Yes,Unclear,
Burke 2002,2002,4,4,escitalopram,Yes,124,40.6,*,10‐10,Fixed,10,HAM,D,24.30,8,DSM‐IV,North,Multi‐,Unclear,Outpatients,Yes,Unclear,
Byerley 1988,1988,2,3,placebo,No,29,37.5,*,0‐0,Flexible,0,HAMD,21,27.40,6,DSM‐III,North,Multi‐,Secondary,Outpatients,Yes,Yes,
CAGO178A230,unpublis,3,3,agomelatine,Yes,169,42.1,0.62,25‐50,Flexible,*,HAMD,17,27.20,8,DSM‐IV,North,Multi‐,Unclear,Unclear,Unclear,Unclear,
Caligiuri 2003,2003,2,3,bupropion,No,7,42,*,*,Flexible,400,HAMD,17,18.40,9,DSM‐IV,North,Single,Secondary,Outpatients,Unclear,Unclear,
Carman 1991,1991,2,3,amitriptyline,No,50,*,*,60‐300,Flexible,*,HAMD,17,27.6,6,DSM‐III,North,Unclear,Unclear,Outpatients,Yes,Unclear,
Casabona 2002,2002,2,2,paroxetine,No,56,*,*,20‐20,Fixed,20,*,,*,8,DSM‐IV,Europe,Multi‐,Unclear,Outpatients,Unclear,Unclear,
Cassano 1986,1986,2,3,fluvoxamine,Yes,161,42.7,*,50‐300,Flexible,145,HAMD,17,25.61,4,DSM‐III,Cross‐,Multi‐,Unclear,Both,Yes,Yes,
Cassano 2002,2002,2,2,paroxetine,Yes,123,75.61,*,20‐40,Flexible,*,HAM,D,22.95,6,ICD‐10,Europe,Multi‐,Unclear,Outpatients,Yes,Unclear,
Chang 2015,2015,2,2,fluoxetine,No,58,41.7,0.76,20‐80,Flexible,21,HAMD,21,24.30,6,DSM‐IV,Asia,Unclear,Other/Unc,Outpatients,Unclear,Yes,
Chouinard,1983,2,2,amitriptyline,Unclear,41,35.1,*,75‐150,Flexible,119,HAMD,21,26.10,13,Other,North,Multi‐,Unclear,Outpatients,Yes,Yes,
Chouinard 1985,1985,2,2,fluoxetine,Unclear,25,41 (*),*,40‐80,Flexible,69,HAMD,21,27.60,5,RDC,North,Multi‐,Secondary,Outpatients,Yes,Yes,
Chouinard 1999,1999,2,2,paroxetine,Yes,102,40.6,*,20‐50,Flexible,26,HAMD,21,25.91,12,DSM‐,North,Multi‐,Unclear,Unclear,Yes,Unclear,
Christiansen,1996,2,2,paroxetine,Unclear,71,*,*,20‐40,Flexible,*,HAMD,17,23.8,8,*,Europe,Multi‐,Unclear,Outpatients,Unclear,Unclear,
CL3‐20098‐022,2001,3,3,agomelatine,Yes,133,41,0.67,25‐25,Fixed,25,HAMD,17,27.60,24,DSM‐IV,Europe,Multi‐,Secondary,Both,Yes,No,
CL3‐20098‐023,2001,3,3,agomelatine,Yes,142,40.6,0.75,25‐25,Fixed,25,HAMD,17,25.70,24,DSM‐IV,Cross‐,Multi‐,Secondary,Both,No,No,
CL3‐20098‐024,2002,3,4,agomelatine,Yes,301,40.4,0.73,25‐50,Fixed,38,HAMD,17,26.40,24,DSM‐IV,Cross‐,Multi‐,Secondary,Both,No,Unclear,
CL3‐20098‐026,2001,2,2,agomelatine,Yes,109,66.8,*,25‐25,Fixed,25,HAMD,17,23.40,24,DSM‐IV,Cross‐,Multi‐,Secondary,Both,No,No,
CL3‐20098‐036,2004,2,2,agomelatine,Yes,137,39.6,0.72,50‐50,Fixed,50,MADR,S,27.90,24,DSM‐IV,Cross‐,Multi‐,Primary,Outpatients,No,No,
CL3‐20098‐048,2008,2,2,agomelatine,Yes,213,68.6,*,25‐50,Flexible,*,HAMD,17,26.30,24,DSM‐IV,Cross‐,Multi‐,Primary,Outpatients,No,No,
CL3‐20098‐062,2010,2,2,agomelatine,Yes,202,43,*,25‐50,Flexible,*,HAMD,17,26.20,25,DSM‐IV,Cross‐,Multi‐,Primary,Outpatients,No,No,
CL3‐20098‐070,2011,2,2,agomelatine,Yes,151,71.9,*,25‐50,Flexible,*,HAMD,17,26.80,24,DSM‐IV,Cross‐,Multi‐,Primary,Outpatients,No,No,
Claghorn 1983,1983,2,3,amitriptyline,No,85,39,*,75‐300,Flexible,180,HAMD,21,26.51,4,RDC,North,Multi‐,Secondary,Outpatients,Yes,Yes,
Claghorn 1995,1995,2,2,mirtazapine,Yes,45,39 (*),*,*‐35,Flexible,17,HAMD,21,24.20,6,DSM‐III,North,Single,Secondary,Outpatients,Yes,Yes,
Claghorn 1996,1996,2,3,fluvoxamine,Yes,50,39,*,50‐150,Flexible,93,HAMD,21,26.09,6,DSM‐,North,Single,Unclear,Outpatients,Yes,Unclear,
Clayton 2003,2003,3,3,reboxetine,Yes,150,39.8,0.63,8‐10,Flexible,10,HAMD,21,25.60,8,DSM‐IV,North,Multi‐,Unclear,Outpatients,Yes,Yes,
Clayton 2006a,2006,3,3,bupropion,Yes,138,37,*,300‐450,Flexible,309,HAMD,17,*,8,DSM‐IV,North,Multi‐,Unclear,Outpatients,Unclear,Yes,
Clayton 2006b,2006,3,3,escitalopram,Unclear,138,35.4,*,10‐20,Flexible,13,HAMD,17,23.80,8,DSM‐IV,North,Multi‐,Unclear,Outpatients,Unclear,Yes,
Clayton 2013,2013,2,2,desvenlafaxi,Yes,218,53.2,1.00,50‐50,Fixed,50,HAMD,17,22.8,8,DSM‐IV,North,Multi‐,Secondary,Outpatients,No,Yes,
Clayton 2015,2015,3,3,placebo,No,306,41.7,0.58,0‐0,Fixed,0,HAMD,17,23.6,8,DSM‐IV,North,Multi‐,Unclear,Outpatients,Unclear,Unclear,
Clerc 1994,1994,2,2,fluoxetine,No,34,53.6,*,40‐40,Fixed,40,HAMD,21,29.70,6,DSM‐,Europe,Multi‐,Secondary,Inpatients,Yes,Unclear,
Clerc 2001,2001,2,2,fluvoxamine,No,56,52.2,*,200‐200,Fixed,200,HAMD,24,31.40,6,DSM‐,Europe,Multi‐,Secondary,Both,Yes,Yes,
CN104‐002,unpublis,2,3,nefazodone,Yes,60,38.2,0.57,50‐300,Flexible,263,HAMD,17,23.30,6,DSM‐,North,Multi‐,Secondary,Outpatients,Unclear,Yes,
CN104‐045,unpublis,2,2,nefazodone,Yes,*,*,0.63,100‐400,Other/U,*,*,,*,6,Unclear,North,Multi‐,Unclear,Outpatients,Unclear,Unclear,
CN104‐054,unpublis,3,3,nefazodone,Yes,*,*,0.68,100‐600,Fixed,*,*,,*,8,Unclear,North,Multi‐,Unclear,Outpatients,Unclear,Unclear,
Cohn 1985a,1985,2,3,fluoxetine,Yes,54,41 (*),0.72,20‐80,Flexible,*,HAM,D,25.75,6,DSM‐III,North,Single,Unclear,Outpatients,Yes,Unclear,
Cohn 1990,1990,2,2,sertraline,Unclear,161,70.2,0.50,50‐200,Flexible,116,HAMD,17,23.7,8,DSM‐III,North,Multi‐,Secondary,Outpatients,Yes,Yes,
Cohn 1996,1996,2,3,nefazodone,Yes,43,39.4,0.77,200‐600,Flexible,321,HAMD,17,22.80,8,DSM‐,North,Single,Unclear,Outpatients,Unclear,No,
Coleman 1999,1999,3,3,sertraline,No,118,38.3,*,50‐200,Flexible,106,HAMD,31,34.80,8,DSM‐IV,North,Multi‐,Secondary,Outpatients,Unclear,No,
Coleman 2001,2001,3,3,fluoxetine,No,154,37.1,*,20‐60,Flexible,26,HAMD,21,24.50,8,DSM‐IV,North,Multi‐,Unclear,Outpatients,No,Unclear,
Colonna 2005,2005,2,2,escitalopram,Yes,175,46,*,10‐10,Fixed,10,MADR,S,29.50,8,DSM‐IV,Europe,Multi‐,Primary,Outpatients,Yes,Unclear,
Corrigan 2000,2000,2,5,fluoxetine,No,35,42 (*),*,20‐20,Fixed,20,HAMD,17,22.00,8,DSM‐,North,Multi‐,Secondary,Unclear,Yes,Unclear,
Corruble 2013,2008,2,2,agomelatine,Yes,164,43.6,0.73,25‐50,Flexible,*,HAMD,17,26.80,25,DSM‐IV,Cross‐,Multi‐,Primary,Outpatients,No,No,
Costaesilva,1998,2,2,fluoxetine,No,186,39.8,*,20‐40,Flexible,*,HAMD,17,29.70,8,DSM‐,South,Multi‐,Unclear,Outpatients,No,Unclear,
Croft 1999,1999,3,3,sertraline,No,119,36,*,50‐200,Flexible,121,HAMD,29,33.10,8,DSM‐IV,North,Multi‐,Unclear,Unclear,No,No,
Croft 2014,2014,2,2,vilazodone,Yes,260,39.3,0.51,40‐40,Fixed,40,MADR,S,30.60,8,DSM‐IV,North,Multi‐,Unclear,Outpatients,No,Yes,
Cunningham,1994,3,3,venlafaxine,Yes,76,42 (*),0.63,75‐200,Flexible,160,HAMD,21,25.02,6,DSM‐,North,Multi‐,Unclear,Outpatients,Yes,Yes,
Cunningham,1997,3,3,venlafaxine,Yes,97,39.7,0.63,75‐150,Flexible,139,HAMD,21,24.40,12,DSM‐,North,Multi‐,Unclear,Outpatients,Yes,Yes,
Cutler 2009,2009,2,3,duloxetine,No,151,40.2,*,60‐60,Fixed,60,HAMD,17,25.20,8,DSM‐IV,North,Multi‐,Unclear,Outpatients,Unclear,Yes,
Dalery 2003,2003,2,2,fluvoxamine,Yes,90,42 (*),*,100‐100,Fixed,100,HAMD,17,22.30,6,DSM‐,Europe,Multi‐,Secondary,Outpatients,Yes,Yes,
D'Amico 1990,1990,3,5,nefazodone,Yes,47,*,*,200‐200,Fixed,200,HAMD,17,26.10,6,RDC,North,Multi‐,Unclear,Outpatients,Unclear,Unclear,
Davidson 2002,2002,2,3,sertraline,Unclear,111,43.9,0.67,50‐100,Flexible,75,HAMD,17,22.50,8,DSM‐IV,North,Multi‐,Secondary,Outpatients,Yes,Yes,
Debonnel 2000,2009,2,3,mirtazapine,Yes,21,45.9,0.29,30‐45,Flexible,*,HAMD,17,24.00,6,DSM‐IV,North,Single,Unclear,Unclear,Yes,Yes,
Debus 1988,1988,2,2,fluoxetine,Yes,22,35.4,*,20‐60,Flexible,31,HAMD,21,23.40,6,DSM‐III,North,Multi‐,Both,Outpatients,Yes,No,
DeMartinis,2007,2,4,placebo,No,120,40,0.68,0‐0,Fixed,0,HAMD,17,23.1,8,DSM‐IV,North,Multi‐,Unclear,Outpatients,Unclear,Unclear,
Demyttenaere,1998,2,2,amitriptyline,No,31,42.1,*,150‐150,Fixed,150,HAM,D,23.90,9,DSM‐,Europe,Multi‐,Secondary,Outpatients,Unclear,Unclear,
DeRonchi 1998,1988,2,2,fluoxetine,Unclear,32,69.1,*,20‐20,Fixed,20,HAMD,17,25.60,10,DSM‐,Europe,Multi‐,Secondary,Outpatients,Yes,Yes,
Detke 2002a,2002,2,2,duloxetine,Yes,123,42.44,*,60‐60,Fixed,60,HAMD,17,21.50,8,DSM‐IV,North,Multi‐,Unclear,Outpatients,Yes,Unclear,
Detke 2002b,2002,2,2,duloxetine,Yes,128,40.83,*,60‐60,Fixed,60,HAMD,17,20.28,8,DSM‐IV,North,Multi‐,Unclear,Outpatients,Yes,Unclear,
Detke 2004,2004,4,4,duloxetine,Yes,95,43.09,*,80‐80,Fixed,80,HAMD,17,19.88,8,DSM‐IV,Unspecified,Multi‐,Unclear,Outpatients,Yes,Unclear,
Deushle 2003,2003,2,2,amitriptyline,No,14,49.5,0.64,150‐150,Fixed,150,HAMD,21.64,5,DSM‐IV,Europe,Unclear,nclear,Inpatients,Unclear,Yes,,
DeWilde 1983a,1983,2,2,fluvoxamine,Yes,22,*,*,100‐300,Flexible,300,HAMD 17,23.40,6,Feighne,Europe,Single,Secondary,Outpatients,Unclear,Yes,,
DeWilde 1993,1993,2,2,paroxetine,Yes,49,43.9,*,20‐40,Flexible,*,HAMD 21,27.00,6,DSM‐III,Europe,Multi‐,Other/Unc,Other/Unclea,Yes,Unclear,,
Dierick 1996,1996,2,2,fluoxetine,No,161,43.2,0.64,20‐20,Fixed,20,HAMD 17,26.60,8,DSM‐,Europe,Multi‐,Unclear,Outpatients,Unclear,Unclear,,
Dimidjian 2006,2006,2,4,paroxetine,No,100,39.9,0.68,*‐50,Flexible,32,HAMD 17,20.87,16,DSM‐IV,North,Unclear,Secondary,Outpatients,No,Unclear,,
Dominguez,1985,2,3,fluvoxamine,Unclear,35,*,*,100‐300,Flexible,*,HAMD 17,20.40,4,DSM‐III,North,Single,Secondary,Outpatients,Yes,Unclear,,
Doogan 1994,1994,2,3,sertraline,Yes,99,46 (*),0.71,50‐100,Flexible,62,MADRS,27.9,6,DSM‐,Europe,Multi‐,Primary,Outpatients,Yes,Yes,,
DUAG 1990,1990,2,2,paroxetine,Unclear,62,*,*,30‐30,Fixed,30,HAMD 17,23.12,6,DSM‐III,Europe,Multi‐,Secondary,Inpatients,Yes,Yes,,
Dube 2010,2010,2,3,escitalopram,No,62,34.3,0.36,10‐20,Flexible,15,HAMD21,*,8,DSM‐IV,Cross‐,Multi‐,Secondary,Outpatients,Unclear,Yes,,
Dunbar 1993a,1993,2,2,paroxetine,Yes,55,43.4,0.69,20‐50,Flexible,*,HAMD 21,26.80,6,DSM‐III,North,Single,Secondary,Outpatients,Yes,Unclear,,
Dunbar 1993b,1993,2,2,paroxetine,Yes,36,34.5,0.41,20‐50,Flexible,*,HAMD 21,25.00,6,DSM‐III,North,Single,Secondary,Outpatients,Yes,Unclear,,
Dunbar 1993c,1993,2,2,paroxetine,Yes,39,44.9,0.46,20‐50,Flexible,*,HAMD 21,28.60,6,DSM‐III,North,Single,Secondary,Outpatients,Yes,Unclear,,
Dunbar 1993d,1993,2,2,paroxetine,Yes,40,34.9,0.41,20‐50,Flexible,*,HAMD 21,28.80,6,DSM‐III,North,Single,Secondary,Outpatients,Yes,Unclear,,
Dunlop 2011,2011,2,2,desvenlafaxi,Yes,291,43.2,0.66,50‐50,Fixed,50,HAMD 17,22,12,DSM‐IV,North,Multi‐,Secondary,Outpatients,Unclear,Yes,,
Dunner 1992,1992,4,5,paroxetine,Yes,106,41.6,*,20‐20,Fixed,20,HAMD 21,25.19,6,DSM‐III,North,Multi‐,Other/Unc,Outpatients,Unclear,Unclear,,
E‐1569,unpublis,2,2,mirtazapine,Yes,73,46.5,0.68,30‐45,Flexible,*,HAMD 17,24.60,6,DSM‐IV,Europe,Multi‐,Other/Unc,Outpatients,Yes,Unclear,,
Edwards 1989,1989,2,2,paroxetine,Yes,21,45.1,0.55,30‐30,Fixed,30,HAMD 17,26.80,6,DSM‐III,Europe,Single,Secondary,Outpatients,Unclear,Yes,,
Ekselius 1997,1997,2,2,citalopram,No,200,48.1,*,20‐60,Flexible,34,MADRS,28.30,12,DSM‐,Europe,Multi‐,Primary,Outpatients,Yes,No,,
Faber 1995,1995,4,4,sertraline,Yes,95,37 (*),0.51,50‐50,Fixed,50,HAMD17,24.80,6,DSM‐III,North,Multi‐,Other/Unc,Outpatients,Yes,Yes,,
Fabre 1979,1979,2,3,trazodone,Yes,13,*,*,200‐300,Flexible,287,HAMD,*,4,Other,North,Unclear,Secondary,Unclear,Yes,Yes,,
Fabre 19,96,1996,2,3,fluvoxamine,Yes,50,45 (*),*,50‐150,Flexible,119,HAMD 21,27.70,6,DSM‐,North,Single,Secondary,Outpatients,Yes,Yes,
Fava 199,8,1998,3,3,paroxetine,Yes,55,41.3,*,20‐50,Flexible,*,HAMD 21,23.10,12,DSM‐,North,Multi‐,Unclear,Outpatients,Yes,Unclear,
Fava 200,2,2002,3,3,sertraline,No,96,44,*,50‐200,Flexible,108,HAMD 17,21.00,10,DSM‐IV,North,Multi‐,Secondary,Outpatients,Yes,Yes,
Fava 200,5,2005,2,3,placebo,No,43,37.8,*,0‐0,Fixed,0,HAMD 17,19.90,12,DSM‐IV,North,Multi‐,Secondary,Outpatients,Yes,Unclear,
Fawcett 1,989,1989,2,2,amitriptyline,No,20,44.5,*,50‐200,Flexible,*,HAMD 21,23.50,6,DSM‐III,North,Multi‐,Secondary,Outpatients,Yes,Yes,
Feiger 19,96,1996,2,2,nefazodone,Yes,78,44.5,0.55,100‐600,Flexible,456,HAMD 17,23.30,6,DSM‐,North,Multi‐,Other/Unc,Outpatients,Unclear,Yes,
Feighner,1979,1979,2,4,amitriptyline,No,93,40.9,*,100‐150,Flexible,115,HAMD 24,36,4,Feighne,North,Multi‐,Secondary,Outpatients,Yes,Unclear,
Feighner,1980,1980,2,3,trazodone,Yes,19,*,0.65,200‐600,Flexible,313,HAMD,35.40,4,Feighne,North,Unclear,Secondary,Inpatients,Yes,Unclear,
Feighner 1984,1984,2,2,bupropion,Yes,45,43.9,*,300‐600,Flexible,392,HAMD,21,31.00,4,Feighne,North,Unclear,Secondary,Inpatients,No,Yes,
Feighner 1989a,1989,2,3,placebo,No,59,39.7,*,0‐0,Flexible,0,HAMD,21,25.90,6,DSM‐III,North,Single,Unclear,Outpatients,Yes,Unclear,
Feighner 1989b,1989,2,3,fluvoxamine,Unclear,31,41 (*),*,150‐300,Flexible,145,HAM,D,25.00,6,DSM‐III,North,Unclear,Secondary,Inpatients,No,Unclear,
Feighner 1991,1991,2,2,fluoxetine,No,62,42.9,*,20‐80,Flexible,38,HAMD,17,26.10,6,DSM‐,North,Multi‐,Unclear,Outpatients,Yes,Unclear,
Feighner 1993a,1993,2,3,paroxetine,Yes,40,42.6,0.56,10‐50,Flexible,26,HAMD,21,24.80,6,DSM‐III,North,Single,Secondary,Outpatients,Yes,Unclear,
Feighner 1993b,1993,2,3,paroxetine,Yes,40,42.3,0.69,10‐50,Flexible,31,HAMD,21,25.60,6,DSM‐III,North,Single,Secondary,Outpatients,Yes,Unclear,
Feighner 1993c,1993,2,3,paroxetine,Yes,41,39.8,0.61,10‐50,Flexible,*,HAMD,21,25.60,6,DSM‐III,North,Single,Secondary,Outpatients,Yes,Unclear,
Feighner 1993d,1993,2,3,paroxetine,Yes,40,38 (*),0.33,10‐50,Flexible,40,HAMD,21,27.60,6,DSM‐III,North,Single,Unclear,Outpatients,Yes,Unclear,
Feighner 1993e,1993,2,3,paroxetine,Yes,40,43.5,0.41,10‐50,Flexible,38,HAMD,21,25.60,6,DSM‐III,North,Single,Unclear,Outpatients,Yes,Unclear,
Feighner 1993f,1993,2,3,paroxetine,Yes,40,35.6,0.55,10‐50,Flexible,35,HAMD,21,29.70,6,DSM‐III,North,Single,Unclear,Outpatients,Yes,Unclear,
Feighner 1998,1998,2,2,nefazodone,Yes,61,37.2,0.61,400‐600,Flexible,503,HAMD,17,27.50,6,DSM‐,North,Multi‐,Secondary,Inpatients,Unclear,Yes,
Feighner 1999,1999,4,5,citalopram,Yes,130,39 (*),0.66,20‐20,Fixed,20,HAMD,21,24.24,6,DSM‐,North,Multi‐,Unclear,Outpatients,Yes,Yes,
Fontaine 1994,1994,3,4,nefazodone,Yes,46,39.9,0.61,50‐250,Flexible,242,HAMD,17,25.20,6,RDC,North,Single,Secondary,Outpatients,Yes,Yes,
Frank 2004,2004,2,2,citalopram,Yes,8,39.12,0.25,20‐20,Fixed,20,*,,*,4,DSM‐IV,North,Single,Secondary,Outpatients,No,Unclear,
Fudge 1990,1990,2,2,fluoxetine,Unclear,21,*,*,20‐60,Flexible,*,HAM,D,23.20,6,DSM‐III,North,Single,Secondary,Outpatients,Yes,Unclear,
Gagiano 1993,1993,2,2,paroxetine,Yes,45,37.8,*,20‐40,Flexible,*,HAMD,21,25.00,6,DSM‐III,Africa,Single,Unclear,Outpatients,Yes,Unclear,
Gastpar 2006,2006,2,3,citalopram,No,127,49.3,0.65,20‐20,Fixed,20,HAM,D,21.80,6,DSM‐IV,Europe,Multi‐,Primary,Outpatients,Unclear,Unclear,
Gelenberg 1990,1990,2,3,amitriptyline,No,19,*,*,50‐350,Flexible,114,HAMD,21,24.84,6,DSM‐III,North,Single,Secondary,Outpatients,Yes,Yes,
Gentil 2000,2000,2,2,venlafaxine,Yes,57,37.9,*,75‐150,Flexible,103,HAMD,21,23.90,8,DSM‐IV,South,Multi‐,Unclear,Outpatients,Yes,Yes,
Georgotas 1982,1981,2,3,amitriptyline,No,15,36.1,*,150‐300,Flexible,206,HAMD,21,28.5,4,RDC,North,Unclear,Unclear,Other/Unclea,Unclear,Unclear,
Geretsegger,1995,2,2,paroxetine,Yes,44,71 (*),*,20‐30,Flexible,*,HAMD,21,26.80,6,DSM‐III,Europe,Multi‐,Unclear,Inpatients,No,Unclear,
Gerner 1980,1980,2,3,trazodone,Yes,19,68.4,0.62,100‐400,Flexible,305,HAM,D,27.38,4,RDC,North,Unclear,Unclear,Outpatients,Unclear,Unclear,
Gillin 1997,1997,2,2,nefazodone,Yes,24,35.3,0.67,400‐500,Flexible,435,HAMD,17,22.90,8,DSM‐,North,Multi‐,Unclear,Outpatients,Unclear,Unclear,
Ginestet 1989,1989,2,2,fluoxetine,Unclear,28,46.5,0.71,20‐80,Flexible,58,HAMD,21,33.10,8,DSM‐III,Europe,Multi‐,Secondary,Inpatients,Unclear,Yes,
Golden 2002a,2002,3,3,paroxetine,Yes,106,38.9,*,25‐62.5,Flexible,*,HAMD,17,23.00,12,DSM‐IV,North,Multi‐,Unclear,Outpatients,Yes,Unclear,
Golden 2002b,2002,3,3,paroxetine,Yes,108,42.38,*,25‐62.5,Flexible,*,HAMD,17,23.80,12,DSM‐IV,North,Multi‐,Unclear,Outpatients,Yes,Unclear,
Goldstein 2002,2002,3,3,duloxetine,Yes,70,42.33,*,40‐120,Flexible,*,HAMD,17,18.47,10,DSM‐IV,North,Multi‐,Unclear,Outpatients,Yes,Unclear,
Goldstein,2004,4,4,duloxetine,Yes,91,43.36,*,40‐40,Fixed,40,HAMD,17,17.47,8,DSM‐IV,North,Multi‐,Unclear,Outpatients,Yes,Unclear,
Goldstein,2004,4,4,duloxetine,Yes,86,40.69,*,40‐40,Fixed,40,HAMD,17,18.63,8,DSM‐IV,North,Multi‐,Unclear,Outpatients,Yes,Unclear,
Gommoll 2014,2014,2,2,placebo,No,182,43.7,0.64,0‐0,Flexible,0,HAMD,17,24.40,8,DSM‐IV,North,Multi‐,Unclear,Outpatients,Yes,Unclear,
Goodarzi,2015,2,2,mirtazapine,Unclear,24,38,0.79,30‐30,Fixed,30,HAM,D,30.58,8,DSM‐IV,Asia,Multi‐,Secondary,Both,Unclear,Unclear,
Gorman 2002,2002,3,3,escitalopram,Yes,129,41.4,*,10‐20,Flexible,*,HAM,D,24.80,8,DSM‐IV,North,Multi‐,Unclear,Outpatients,Yes,Unclear,
Griebel 2012,2012,2,4,escitalopram,No,84,40.8,0.62,10‐10,Fixed,10,HAMD,17,23.40,8,DSM‐IV,North,Multi‐,Unclear,Outpatients,Yes,Unclear,
Griebel 2012b,2012,2,4,paroxetine,No,80,40,0.70,20‐20,Fixed,20,HAMD,17,24.90,8,DSM‐IV,Cross‐,Multi‐,Unclear,Outpatients,Yes,Unclear,
Grunebaum,2011,2,2,bupropion,Yes,40,37.9,*,300‐450,Flexible,275,HAMD,17,17.60,24,DSM‐IV,North,Single,Secondary,Both,No,Yes,
GSK14,unpublis,2,2,bupropion,Yes,77,45.9,*,300‐600,Flexible,*,HAMD,21,31.20,4,DSM‐III,North,Multi‐,Unclear,Inpatients,No,Unclear,
Guelfi 1995,1995,2,2,venlafaxine,Yes,46,56,*,150‐375,Flexible,350,HAMD,21,28.20,4,DSM‐,Europe,Multi‐,Secondary,Inpatients,Yes,Yes,
Guelfi 1998,1998,3,3,milnacipran,Yes,100,45.6,*,100‐100,Fixed,100,HAMD,17,27.90,12,DSM‐,Europe,Multi‐,Secondary,Inpatients,Yes,Yes,
Guillibert 1989,1989,2,2,clomipramin,No,39,68.1,*,75‐75,Fixed,75,HAMD,21,27.50,6,DSM‐III,Europe,Multi‐,Unclear,Unclear,Yes,Yes,
Hackett 1998,1998,2,2,fluvoxamine,No,34,*,*,200‐200,Fixed,200,MADR,S,31.60,6,DSM‐,Europe,Multi‐,Unclear,Outpatients,No,Unclear,
Hale 2010 (CL3‐,2008,2,2,agomelatine,Yes,252,41.8,0.77,25‐50,Flexible,*,HAMD,17,28.50,24,DSM‐IV,Cross‐,Multi‐,Primary,Outpatients,No,No,
Halikas 1995,1995,3,3,mirtazapine,Yes,50,63 (*),0.43,5‐35,Flexible,29,HAMD,21,24.60,6,DSM‐III,North,Unclear,Unclear,Outpatients,Yes,Yes,
Hao 2014,2014,2,2,duloxetine,Yes,140,38.4,0.56,60‐60,Fixed,60,HAMD,17,23.70,6,DSM‐IV,Asia,Multi‐,Both,Both,No,Yes,
Harris 1991,1991,2,2,fluvoxamine,Unclear,35,38.6,0.63,50‐150,Flexible,115,HAMD,17,22.70,6,DSM‐III,Europe,Multi‐,Secondary,Outpatients,Yes,Yes,
Heiligenstein,1994,2,2,fluoxetine,Yes,46,41.6,*,20‐20,Fixed,20,HAMD,17,21.10,8,DSM‐,North,Multi‐,Secondary,Outpatients,Yes,Yes,
Heller 2009,2009,2,2,venlafaxine,Yes,15,30.74,0.53,75‐300,Flexible,118,HAMD,21,20.07,24,DSM‐IV,North,Unclear,/Unclear,Other/Unclea,Unclear,Unclear,
Henigsberg,2012,3,4,placebo,No,140,46.4,0.61,0‐0,Fixed,0,HAMD,24,32.70,8,DSM‐IV,Cross‐,Multi‐,Unclear,Unclear,Unclear,Unclear,
Heun 2013,2013,2,2,agomelatine,Yes,151,71.9,0.70,25‐50,Flexible,*,HAMD,17,26.80,8,DSM‐IV,Cross‐,Multi‐,Both,Outpatients,Unclear,Yes,
Hewett 2009,2009,3,3,bupropion,Yes,188,41.8,*,150‐300,Flexible,*,MADR,S,30.40,12,DSM‐IV,Cross‐,Multi‐,Secondary,Outpatients,Yes,Unclear,
Hewett 2010a,2010,2,2,bupropion,Yes,212,70.9,*,150‐300,Flexible,*,MADR,S,29.50,10,DSM‐IV,Cross‐,Multi‐,Unclear,Outpatients,Unclear,Unclear,
Hewett 2010b,2010,2,3,venlafaxine,No,198,44.1,*,75‐150,Flexible,85,MADR,S,30.10,8,DSM‐IV,Cross‐,Multi‐,Unclear,Outpatients,No,Unclear,
Hicks 1988,1988,2,3,amitriptyline,No,16,42.2,*,25‐300,Flexible,142,HAMD,17,30.8,6,DSM‐III,North,Single,Secondary,Inpatients,Yes,Unclear,
Hicks 2002,2002,2,2,nefazodone,Yes,20,42.8,0.40,400‐600,Flexible,495,HAM,D,21.60,24,DSM‐IV,Europe,Single,Secondary,Outpatients,Unclear,No,
Higuchi 2014,2016,3,3,venlafaxine,Yes,174,38.4,0.52,75‐75,Fixed,75,HAMD,17,*,8,DSM‐IV,Asia,Multi‐,Unclear,Outpatients,Unclear,Unclear,
Higuchi 2009,2009,4,4,duloxetine,Yes,75,37.9,*,40‐40,Flexible,40,HAMD,17,20.60,6,DSM‐IV,Asia,Multi‐,Both,Both,Yes,Yes,
Higuchi 2011,2011,3,3,paroxetine,Yes,83,35.5,*,20‐40,Flexible,*,HAMD,17,22.70,8,DSM‐IV,Asia,Multi‐,Unclear,Unclear,Yes,Unclear,
Hirayasu 2011a,2011,3,3,escitalopram,Yes,105,35.9,*,20‐20,Fixed,20,HAMD,17,22.20,8,DSM‐IV,Asia,Multi‐,Both,Outpatients,No,Yes,
Hirayasu 2011b,2011,4,4,placebo,No,124,36.4,*,0‐0,Fixed,0,MADR,S,29.00,8,DSM‐IV,Asia,Multi‐,Both,Outpatients,Yes,Yes,
Hong 2003,2003,2,2,mirtazapine,Yes,66,47.2,*,30‐45,Flexible,34,HAMD,17,23.10,6,DSM‐IV,Asia,Multi‐,Secondary,Outpatients,Yes,Unclear,
Hormazabal,1985,2,3,amitriptyline,No,20,43.9,*,50‐150,Flexible,86,HAMD,21,36.7,4,DSM‐III,South,Unclear,Unclear,Both,Unclear,Unclear,
Hosseini 2015,2015,2,2,venlafaxine,No,28,37.12,0.75,37.5‐,Other/U,*,HAM,D,19.88,8,DSM‐IV,Asia,Single,Secondary,Outpatients,Unclear,Unclear,
Hoyberg 1996,1996,2,2,mirtazapine,Yes,56,70.3,*,15‐45,Flexible,37,HAMD,17,26.70,6,DSM‐III,Europe,Multi‐,Secondary,Outpatients,No,Yes,
Hsu 2011,2011,2,2,citalopram,No,25,43.4,*,20‐*,Flexible,23,MADR,S,36.60,6,DSM‐IV,Asia,Single,Secondary,Other/Unclea,No,Yes,
Hu 2009,2009,2,2,escitalopram,Unclear,25,30.92,0.52,10‐20,Flexible,*,HAMD,17,21.30,6,Other,Asia,Single,Secondary,Outpatients,Yes,Yes,
Hunter 2010,2010,2,2,fluoxetine,Yes,14,42.4,0.68,20‐20,Fixed,20,HAMD,17,22.10,8,DSM‐IV,North,Multi‐,Unclear,Outpatients,Yes,No,
Hunter 2010,2010,2,2,venlafaxine,Yes,17,44.7,0.64,150‐150,Fixed,150,HAMD,17,22.30,8,DSM‐IV,North,Multi‐,Unclear,Outpatients,Yes,No,
Hunter 2010,2010,2,2,venlafaxine,Yes,18,38.1,0.55,150‐150,Fixed,150,HAMD,17,21.50,8,DSM‐IV,North,Multi‐,Unclear,Outpatients,Yes,No,
Hutchinson,1992,2,2,amitriptyline,No,32,71.5,*,100‐100,Fixed,100,HAMD,21,20.28,6,DSM‐III,Europe,Multi‐,Primary,Outpatients,Yes,Yes,
Itil 1983,1983,2,3,fluvoxamine,Yes,22,41.3,0.43,50‐300,Flexible,101,HAMD,17,20.30,4,RDC,North,Unclear,Unclear,Outpatients,Yes,Yes,
Iwata 2013,2013,2,3,desvenlafaxi,Yes,237,39,0.56,50‐50,Fixed,50,HAMD,17,23,8,DSM‐IV,Cross‐,Multi‐,Unclear,Outpatients,Yes,Unclear,
Jacobsen 2015,2015,3,3,placebo,No,157,42.3,0.70,0‐0,Fixed,0,MADR,S,32.00,8,DSM‐IV,North,Multi‐,Unclear,Unclear,Unclear,Unclear,
"Jain 2013 (303,",2013,2,2,placebo,No,300,42.4,0.55,0‐0,Fixed,0,HAMD,24,32.20,6,DSM‐IV,North,Multi‐,Both,Outpatients,Unclear,No,
Jefferson 2000,2000,4,5,placebo,No,105,40.2,*,0‐0,Fixed,0,MADR,S,31.70,6,DSM‐IV,North,Multi‐,Unclear,Outpatients,No,Unclear,
Jefferson 2006,2006,2,2,placebo,No,139,39.8,*,0‐0,Flexible,0 I,DS‐IVR,‐30,46.00,8,DSM‐IV,North,Multi‐,Secondary,Outpatients,Unclear,Yes,
Jiang 2009,2009,2,2,escitalopram,Unclear,32,38.62,0.56,10‐20,Flexible,*,HAMD,17,23.82,6,Other,Asia,Single,Secondary,Both,Unclear,Yes,
Judd 1993,1993,2,2,fluoxetine,Yes,30,41.7,0.66,20‐20,Fixed,20,HAMD,17,24.40,6,DSM‐,Australia,Multi‐,Unclear,Unclear,Yes,Yes,
Kamijima 2013,2013,3,3,milnacipran,Yes,303,35.9,0.53,100‐100,Fixed,100,HAMD,17,22.10,9,DSM‐IV,Asia,Multi‐,Unclear,Both,Yes,Yes,
Kane 1983,1983,2,4,bupropion,Unclear,13,63.9,*,100‐450,Flexible,323,HAM,D,24.10,4,Other,North,Multi‐,Unclear,Unclear,Yes,Unclear,
Kasper 2005a,2005,3,3,escitalopram,Yes,174,75 (7),*,10‐10,Fixed,10,MADR,S,28.20,8,DSM‐IV,Europe,Multi‐,Both,Both,Yes,Unclear,
Kasper 2005b,2005,2,2,paroxetine,Unclear,53,44.3,0.68,20‐40,Flexible,22,HAMD,17,20.90,6,DSM‐IV,Europe,Multi‐,Unclear,Outpatients,Yes,Yes,
Kasper 2012,2012,2,4,escitalopram,Yes,140,41.6,0.69,20‐20,Fixed,20,MADR,S,35.40,8,DSM‐IV,Europe,Multi‐,Secondary,Both,Unclear,No,
Katona 2012,2012,3,3,placebo,No,145,70.3,0.62,0‐0,Fixed,0,HAMD,24,29.40,8,DSM‐IV,Cross‐,Multi‐,Secondary,Both,Unclear,Unclear,
Katz 1993a,1993,2,3,amitriptyline,No,95,42.6,*,75‐150,Flexible,*,HAMD,17,24.3,4,DSM‐III,Cross‐,Unclear,Unclear,Unclear,Yes,Yes,
Katz 1993b,1993,2,3,amitriptyline,No,93,43.2,*,75‐225,Flexible,*,HAMD,17,23.6,4,DSM‐,Cross‐,Unclear,Unclear,Unclear,Yes,Yes,
Katz 2004,2004,2,3,paroxetine,Unclear,28,46 (*),*,20‐60,Flexible,*,HAMD,21,24.00,6,DSM‐,North,Multi‐,Secondary,Inpatients,Yes,Unclear,
Kavoussi 1997,1997,2,2,bupropion,Yes,122,39.2,0.48,100‐300,Flexible,238,HAM,D,*,16,DSM‐IV,North,Multi‐,Unclear,Outpatients,No,Yes,
Keegan 1991,1991,2,2,fluoxetine,Yes,20,39.5,0.67,20‐80,Flexible,53,HAMD,21,*,6,DSM‐III,North,Multi‐,Unclear,Unclear,Yes,Yes,
Kellams 1979,1979,2,3,trazodone,Unclear,9,*,*,200‐600,Flexible,515,HAM,D,23.50,4,Other,North,Single,Secondary,Inpatients,Yes,Yes,
Keller 2006a,2006,2,3,paroxetine,No,154,39 (*),0.68,20‐20,Fixed,20,HAMD,17,27.50,8,DSM‐IV,North,Multi‐,Unclear,Outpatients,Unclear,Unclear,
Keller 2006b,2006,2,4,paroxetine,No,143,42.2,0.75,20‐20,Fixed,20,HAMD,17,27.60,8,DSM‐IV,North,Multi‐,Unclear,Outpatients,Unclear,Unclear,
Keller 2006c,2006,2,4,paroxetine,No,164,40.6,0.64,20‐20,Fixed,20,HAMD,17,28.30,8,DSM‐IV,Cross‐,Multi‐,Unclear,Outpatients,Unclear,Unclear,
Keller 2007,2007,2,2,fluoxetine,Unclear,275,40,*,20‐60,Flexible,50,HAMD,17,23.00,10,DSM‐IV,North,Multi‐,Secondary,Outpatients,Unclear,No,
Kennedy 2005,unpublis,2,2,escitalopram,Yes,102,37.1,*,10‐20,Flexible,*,HAM,D,25.90,8,DSM‐IV,North,Multi‐,Unclear,Outpatients,Unclear,Unclear,
Kennedy 2008,2003,2,2,agomelatine,Yes,107,42.3,0.65,25‐50,Flexible,*,HAMD,17,26.50,6,DSM‐IV,Cross‐,Multi‐,Secondary,Both,No,No,
Kennedy 2014,2014,3,4,agomelatine,Yes,138,46.5,0.65,25‐25,Fixed,25,HAMD,17,26.70,6,DSM‐IV,Cross‐,Multi‐,Unclear,Outpatients,Unclear,No,
Kerkhofs 1990,1990,2,2,fluoxetine,Yes,16,45.3,0.69,60‐60,Fixed,60,HAM,D,21.90,6,RDC,Europe,Unclear,Unclear,Other/Unclea,Yes,Yes,
Kerr 1984,1984,2,2,amitriptyline,No,38,62.5(,0.62,75‐225,Flexible,*,HAMD,17,19.00,6,Other,Europe,Multi‐,Secondary,Both,Unclear,Unclear,
Khan 1998,1998,4,4,venlafaxine,Yes,85,43.3,0.68,75‐75,Fixed,75,HAMD,21,24.30,12,DSM‐,North,Multi‐,Unclear,Outpatients,yes,unclear,
Khan 2007,2007,2,2,escitalopram,Yes,140,41.8,*,10‐20,Flexible,*,HAMD,24,26.60,8,DSM‐IV,North,Multi‐,Unclear,Outpatients,Unclear,Unclear,
Khan 2011,2011,2,2,vilazodone,Yes,240,41.1,*,40‐40,Fixed,40,HAMD,17,25.00,8,DSM‐IV,North,Multi‐,Other/Unc,Other/Unclea,Unclear,Unclear,
Kiev 1997,1997,2,2,fluvoxamine,Yes,30,42.7,*,50‐150,Flexible,102,HAMD,21,24.40,7,DSM‐,North,Multi‐,Secondary,Outpatients,Yes,Yes,
Kinoshita 2009,2009,4,4,mirtazapine,Yes,70,39.4,*,15‐15,Fixed,15,HAMD,17,23.20,6,DSM‐IV,Asia,Multi‐,Both,Both,No,No,
Koshino 2013,2013,2,3,bupropion,Yes,192,37.5,0.56,300‐300,Fixed,300,MADR,S,32.10,8,DSM‐IV,Asia,Multi‐,Secondary,Other/Unclea,Unclear,Unclear,
Kramer 1998,1998,2,3,paroxetine,Unclear,72,*,*,20‐20,Fixed,20,HAMD,21,*,6,DSM‐IV,North,Multi‐,Other/Unc,Outpatients,Unclear,Unclear,
Kuhs 1989,1989,2,2,paroxetine,Yes,12,39.2,0.9,30‐30,Fixed,30,HAMD,21,24.60,6,DSM‐III,Europe,Single,Other/Unc,Other/Unclea,Yes,Unclear,
Kusalic 1993,1993,2,3,amitriptyline,No,13,41.3,*,*‐*,Flexible,110,HAMD,17,*,6,DSM‐,North,Unclear,Secondary,Outpatients,Yes,Unclear,
Kyle 1998,1998,2,2,citalopram,Yes,179,73.4,0.73,20‐40,Flexible,24,MADR,S,27.8,8,DSM‐,Europe,Multi‐,Primary,Other/Unclea,Yes,Unclear,
Laakman 1988,1988,2,2,fluoxetine,Unclear,63,*,*,20‐60,Flexible,*,HAM,D,26.7,5,Other,Europe,Unclear,Other/Unc,Outpatients,Yes,Yes,
Lalit 2004,2004,3,3,escitalopram,Yes,69,33 (8),*,10‐20,Flexible,*,HAMD,17,26.00,4,ICD‐10,Asia,Multi‐,Other/Unc,Outpatients,No,Yes,
Lam 1995,1995,2,2,fluoxetine,Yes,36,40.9,*,20‐20,Fixed,20,HAMD,21,18.70,5,DSM‐,North,Multi‐,Secondary,Outpatients,Yes,No,
Langlois 1985,1985,2,3,amitriptyline,No,15,*,*,150‐225,Flexible,*,HAMD,17,*,4,DSM‐III,North,Single,Secondary,Outpatients,No,Unclear,
Lapierre 1980,1980,2,2,amitriptyline,Unclear,20,*,*,150‐150,Fixed,150,*,,*,4,Feighne,North,Unclear,Secondary,Both,Yes,Unclear,
Lapierre 1987,1987,2,3,fluvoxamine,Yes,22,43.3,*,150‐300,Flexible,207,HAMD,17,24.84,6,DSM‐III,North,Multi‐,Secondary,Inpatients,Yes,Unclear,
Larsen 1989,1989,2,3,clomipramin,Unclear,20,48 (*),0.65,75‐150,Fixed,150,HAMD,17,17.80,6,DSM‐III,Europe,Unclear,Other/Unc,Both,Unclear,Yes,
Learned 2012a,2012,2,3,venlafaxine,No,134,43,0.61,150‐225,Flexible,*,HAMD,17,*,10,DSM‐IV,Cross‐,Multi‐,Other/Unc,Outpatients,Unclear,Unclear,
Learned 2012b,2012,2,3,paroxetine,Yes,166,44.4,0.33,30‐30,Fixed,30,MADR,S,30.30,10,DSM‐IV,Cross‐,Multi‐,Other/Unc,Outpatients,Unclear,Unclear,
Lecrubier 1997,1997,2,3,venlafaxine,Unclear,78,38.3,0.71,75‐150,Flexible,128,MADR,S,24.90,13,RDC,Europe,Multi‐,Other/Unc,Outpatients,Yes,Yes,
Lee 2007 (F1J‐,2007,2,2,duloxetine,Yes,238,39,*,60‐60,Fixed,60,HAMD,17,21.10,8,DSM‐IV,*,Multi‐,Secondary,Both,No,Unclear,
Leinonen 1997,1997,2,2,milnacipran,Yes,52,49.2,*,100‐200,Flexible,*,HAMD,17,23.70,26,DSM‐,Europe,Multi‐,Secondary,Both,Unclear,Yes,
Leinonen 1999,1999,2,2,mirtazapine,Yes,137,42.1,*,15‐60,Flexible,35,MADR,S,29.60,8,DSM‐IV,Europe,Multi‐,Secondary,Both,Yes,Yes,
Lemoine 2007,2004,2,4,agomelatine,Yes,165,40.7,0.75,25‐50,Fixed,50,HAMD,17,25.90,24,DSM‐IV,Europe,Multi‐,Primary,Outpatients,No,No,
Lepine 2000,2000,2,2,sertraline,Yes,82,42.3,0.71,50‐200,Flexible,114,HAMD,17,29.8,8,DSM‐,Cross‐,Multi‐,Secondary,Outpatients,Yes,Yes,
Lepola 2003,2001,3,3,escitalopram,Yes,156,43,*,10‐20,Flexible,*,MADR,S,29.00,8,DSM‐IV,Cross‐,Multi‐,Primary,Outpatients,Yes,Unclear,
Li 2006,2006,2,2,escitalopram,Unclear,28,36.5,0.55,10‐20,Flexible,*,HAMD,17,23.70,6,Other,Asia,Single,Secondary,Outpatients,Unclear,Yes,
Li 2010,2010,2,2,escitalopram,Yes,24,*,*,10‐20,Flexible,*,HAM,D,*,6,Other,Asia,Multi‐,Other/Unc,Other/Unclea,Unclear,Unclear,
Lieberman,2008,2,3,placebo,No,120,45.4,0.67,0‐0,Flexible,0,HAMD,17,*,8,DSM‐IV,Europe,Multi‐,Other/Unc,Outpatients,Unclear,Unclear,
Lieberman,2008,2,3,placebo,No,125,39.5,0.64,0‐0,Flexible,0,HAMD,17,*,8,DSM‐IV,North,Multi‐,Other/Unc,Outpatients,Unclear,Unclear,
Liebowitz 2008,2008,3,3,desvenlafaxi,Yes,151,43,0.62,50‐50,Fixed,50,HAMD,17,23.37,8,DSM‐IV,North,Multi‐,Other/Unc,Outpatients,Unclear,Yes,
Liebowitz 2013,2013,2,3,desvenlafaxi,Yes,227,43,0.60,50‐50,Fixed,50,HAMD,17,23,8,DSM‐IV,North,Multi‐,Both,Outpatients,Yes,Unclear,
Lineberry 1990,1990,2,2,bupropion,Yes,112,41.9,*,300‐300,Fixed,300,HAMD,21,26.54,6,DSM‐,North,Multi‐,Secondary,Outpatients,Yes,Yes,
Loo 2002,2002,3,5,agomelatine,Yes,137,42.3,0.67,25‐25,Fixed,25,HAMD,17,27.40,8,DSM‐IV,Europe,Multi‐,Both,Other/Unclea,Yes,Yes,
LopezRodriguez,2004,2,4,fluoxetine,Unclear,10,31.9,*,20‐20,Fixed,20,HAMD,21,17.27,20,DSM‐IV,South,Single,Primary,Outpatients,No,Unclear,
Lv 2013,2013,2,2,escitalopram,Unclear,20,32.1,0.50,10‐20,Flexible,*,HAMD,17,23.06,6,Other,Asia,Single,Secondary,Outpatients,Unclear,Yes,
Lydiard 1989,1989,2,3,fluvoxamine,Yes,18,47.2,*,100‐300,Flexible,240,HAM,D,24.50,6,DSM‐III,North,Single,Secondary,Outpatients,Yes,Unclear,
Lydiard 1997,1997,3,3,amitriptyline,No,131,39 (*),*,50‐150,Flexible,103,HAMD,17,22.1,8,DSM‐,North,Multi‐,Other/Unc,Outpatients,Yes,Yes,
M/2020/0046,unpublis,3,3,reboxetine,Yes,265,39.9,0.71,8‐10,Flexible,9,HAMD,21,23.00,8,DSM‐IV,North,Multi‐,Other/Unc,Other/Unclea,No,Yes,
M/2020/0047,unpublis,3,3,reboxetine,Yes,258,39.3,0.74,8‐10,Flexible,9,HAMD,21,24.20,8,DSM‐IV,North,Multi‐,Other/Unc,Other/Unclea,No,Yes,
Mahableshwark,2013,3,4,placebo,No,153,42.6,0.61,0‐0,Fixed,0,HAMD,24,29.50,8,DSM‐IV,North,Multi‐,Other/Unc,Other/Unclea,Unclear,Unclear,
Mahableshwark,2015,3,3,placebo,No,160,46.2,0.68,0‐0,Fixed,0,MADRS,33.40,8,DSM‐IV,North,Multi‐,Other/Unc,Other/Unclea,Unclear,Unclear,,
Mahableshwark,2015,3,3,vortioxetine,Yes,198,44.2,0.68,10‐20,Flexible,16,MADRS,31.40,8,DSM‐IV,Cross‐,Multi‐,Secondary,Both,Unclear,Unclear,,
Mann 1981,1981,2,3,trazodone,Yes,10,44.5,0.10,200‐600,Flexible,418,HAMD,26.30,4,Feighne,North,Single,Secondary,Outpatients,Yes,Unclear,,
Manna 1989,1989,2,2,fluoxetine,Unclear,15,47.7,0.63,20‐20,Fixed,20,HAMD 17,25.7,5,DSM‐III,Europe,Unclear,Secondary,Inpatients,Unclear,Unclear,,
Mao 2008,2008,2,2,fluoxetine,No,117,40.7,0.74,20‐20,Fixed,20,HAMD 17,24.10,8,DSM‐IV,Asia,Multi‐,Secondary,Both,No,Yes,,
Mao 2015,2015,2,3,sertraline,No,19,41.4,0.53,50‐200,Flexible,*,HAMD 17,15.40,12,DSM‐IV,North,Single,Primary,Outpatients,Unclear,Unclear,,
March 1990,1990,2,3,fluvoxamine,Yes,18,39.4,*,100‐300,Flexible,*,HAMD,25.10,6,DSM‐III,North,Single,Secondary,Outpatients,Yes,Unclear,,
Marchesi 1998,1998,2,2,fluoxetine,Yes,67,43.6,0.73,20‐20,Fixed,20,HAMD 17,25.50,10,DSM‐,Europe,Multi‐,Secondary,Outpatients,Yes,Yes,,
Masco 1985,1985,2,2,fluoxetine,Yes,21,51 (*),0.65,40‐80,Flexible,*,HAMD,*,6,*,North,Unclear,Secondary,Outpatients,Unclear,Unclear,,
Mathews 2015,2015,4,4,vilazodone,Yes,292,41.7,0.58,20‐20,Fixed,17,MADRS,31.00,10,DSM‐IV,North,Multi‐,Other/Unc,Outpatients,Unclear,Yes,,
McGrath 2000,2000,2,2,fluoxetine,Yes,49,41.6,*,20‐60,Flexible,51,HAMD,17,*,10,DSM‐IV,North,Single,Secondary,Outpatients,Yes,Unclear,
McIntyre 2014,2014,3,3,placebo,No,198,45.6,0.66,0‐0,Fixed,0,MADR,S,31.34,8,DSM‐IV,Cross‐,Multi‐,Secondary,Both,Unclear,No,
McPartlin 1998,1998,2,2,paroxetine,No,178,44,*,20‐20,Fixed,20,HAMD,17,23.00,12,DSM‐IV,Europe,Multi‐,Primary,Outpatients,Unclear,Yes,
MDF/29060/III/,unpublis,2,2,paroxetine,Yes,32,73 (*),,20‐30,Flexible,*,MADR,S,30.88,5,Feighne,Europe,Multi‐,Other/Unc,Outpatients,Yes,Yes,
MDUK/26090/II,unpublis,2,3,paroxetine,Yes,4,*,0.50,15‐30,Flexible,*,*,,*,4,Feighne,Europe,Single,Secondary,Inpatients,Unclear,Unclear,
Mehtonen,2000,2,2,sertraline,No,72,41,*,50‐100,Flexible,*,HAMD,21,25.80,8,DSM‐IV,Europe,Multi‐,Other/Unc,Outpatients,No,Unclear,
Mendels 1995,1995,3,3,nefazodone,Yes,80,38.4,0.64,50‐300,Flexible,247,HAMD,17,25.10,6,DSM‐III,North,Multi‐,Other/Unc,Other/Unclea,Unclear,Unclear,
Mendels 1999,1999,2,2,citalopram,No,89,43.3,*,20‐80,Flexible,52,HAMD,24,33.52,4,DSM‐III,North,Multi‐,Secondary,Outpatients,Yes,Yes,
Miller 1989,1989,2,2,paroxetine,Yes,22,41.6,*,30‐30,Fixed,30,HAMD,21,23.70,4,Feighne,Europe,Single,Other/Unc,Outpatients,Unclear,Unclear,
MIR 003‐003,unpublis,2,2,mirtazapine,Yes,45,43 (*),0.47,*‐35,Flexible,27,HAMD,21,25.40,6,*,North,Unclear,Other/Unc,Other/Unclea,Yes,Yes,
MIR 003‐020,unpublis,3,3,mirtazapine,Yes,44,44,(*),0.46,5‐35,Flexible,24,HAMD,21,27.80,6,*,North,Unclear,Other/Unc,Outpatients,Yes,Yes
MIR 003‐021,unpublis,3,3,mirtazapine,Yes,50,45,(*),0.56,5‐35,Flexible,21,HAMD,21,24.20,6,*,North,Unclear,Other/Unc,Outpatients,Yes,Yes
MIR 84062,unpublis,3,3,mirtazapine,Yes,15,*,,*,*,Flexible,*,HAMD,17,*,6,DSM‐III,Europe,Single,Other/Unc,Outpatients,Unclear,Unclear
Mischoulon,2014,2,3,escitalopram,No,69,4,5,0.50,10‐20,Flexible,*,HAMD,17,19.25,12,DSM‐IV,North,Multi‐,Other/Unc,Outpatients,Unclear,Unclear
Miura 2000,2000,2,2,paroxetine,Yes,109,45,.9,*,20‐40,Flexible,32,HAMD,17,23.80,6,DSM‐IV,Asia,Multi‐,Secondary,Both,No,Yes
Moises 1981,1981,2,2,amitriptyline,Unclear,22,48,.7,0.86,150‐200,Flexible,164,HAM,D,24.9,4,Other,Europe,Single,Secondary,Inpatients,Unclear,Yes
Moller 1993,1993,2,2,paroxetine,Yes,78,47,.5,*,30‐50,Flexible,33,HAMD,21,28.60,6,DSM‐III,Europe,Multi‐,Secondary,Inpatients,Yes,Yes
Moller 1998,1998,2,2,amitriptyline,No,79,49,.5,0.71,75‐225,Flexible,141,HAMD,21,29.1,6,DSM‐,Europe,Multi‐,Secondary,Inpatients,No,Yes
Moller 2000,2000,2,2,sertraline,Yes,116,47,.7,*,50‐100,Flexible,55,HAMD,21,27.10,6,DSM‐,Europe,Multi‐,Both,Outpatients,No,Yes
Montgomery,unpublis,3,3,citalopram,Yes,70,*,,*,20‐20,Fixed,20,HAMD,17,24.29,6,DSM‐,*,Multi‐,Other/Unc,Both,Yes,Yes
Montgomery,2004,2,2,escitalopram,Yes,148,4,9,*,10‐20,Flexible,12,HAMD,17,19.99,8,DSM‐IV,Europe,Multi‐,Primary,Other/Unclea,No,Unclear
Montgomery,2001,2,2,agomelatine,Yes,167,42.8,*,25‐25,Fixed,25,MADR,S,23.10,12,DSM‐IV,Cross‐,Multi‐,Primary,Outpatients,No,No,
Montgomery,2013,2,2,placebo,No,281,45 (*),0.66,0‐0,Flexible,0,HAMD,17,25.80,10,DSM‐IV,Cross‐,Multi‐,Other/Unc,Outpatients,Unclear,Yes,
Moon 1994,1994,2,2,sertraline,Yes,51,42 (*),0.41,50‐150,Flexible,64,HAMD,17,23.9,6,DSM‐III,Europe,Multi‐,Primary,Outpatients,Yes,Yes,
Moore 2005,2005,2,2,escitalopram,Yes,142,44.1,*,20‐20,Fixed,20,MADR,S,36.30,8,DSM‐IV,Europe,Multi‐,Both,Outpatients,No,Unclear,
Moreno 2005,2005,2,3,fluoxetine,No,20,37.7,0.83,20‐20,Fixed,20,HAMD,21,15.41,8,DSM‐IV,South,Single,Secondary,Outpatients,Yes,Yes,
Moscovitch,2004,2,2,sertraline,Yes,93,39.6,*,50‐200,Flexible,111,HAMD,17,18.62,8,DSM‐,Cross‐,Multi‐,Secondary,Outpatients,Yes,Yes,
Mullin 1996,1996,2,2,mirtazapine,Yes,79,45.4,*,20‐60,Flexible,*,HAMD,17,22.50,5,DSM‐III,Europe,Multi‐,Secondary,Outpatients,Yes,Yes,
Mundt 2012,2012,2,2,sertraline,Yes,80,37.8,0.63,50‐100,Flexible,*,HAMD,17,24.90,4,DSM‐IV,North,Multi‐,Other/Unc,Outpatients,Unclear,Unclear,
Munizza 2006,2006,2,2,sertraline,No,60,46.9,0.70,50‐100,Flexible,59,HAMD,17,21.9,6,DSM‐IV,Europe,Multi‐,Other/Unc,Outpatients,Unclear,Yes,
Murasaki 1998,1998,2,2,fluvoxamine,Yes,113,40.5,*,50‐150,Flexible,87,HAMD,21,22.90,4,DSM‐,Asia,Multi‐,Both,Both,No,Yes,
Murasaki 2010a,2002,2,2,mirtazapine,Yes,104,42,0.68,15‐45,Flexible,23,HAMD,17,25.10,6,DSM‐IV,Europe,Multi‐,Both,Outpatients,No,Yes,
Murasaki,2002,2,2,mirtazapine,Yes,101,40.7,0.50,15‐45,Flexible,*,HAMD,17,22.90,6,DSM‐IV,Asia,Multi‐,Both,Outpatients,No,Yes,
MY‐1042/BRL‐,unpublis,2,2,paroxetine,Yes,125,41.7,*,20‐50,Flexible,*,HAMD,24.47,8,DSM‐,North,Multi‐,Other/Unc,Outpatients,Yes,Unclear,,
MY‐1043/BRL‐,unpublis,3,3,paroxetine,Yes,284,42.3,*,20‐50,Flexible,*,HAMD 21,*,12,DSM‐,North,Multi‐,Other/Unc,Outpatients,Yes,Unclear,,
MY‐1045/BRL‐,unpublis,3,3,paroxetine,Yes,357,42.3,*,20‐50,Flexible,*,HAMD 21,25.60,12,DSM‐,North,Multi‐,Other/Unc,Outpatients,Yes,Unclear,,
Mynors‐Wallis,1995,2,3,amitriptyline,No,31,37.2,*,150‐150,Fixed,139,HAMD 17,19.1,12,RDC,Europe,Single,Primary,Outpatients,Unclear,Unclear,,
NCT00822744,unpublis,2,5,escitalopram,Unclear,103,*,*,10‐10,Fixed,10,HAMD 17,*,8,DSM‐IV,Cross‐,Multi‐,Other/Unc,Other/Unclea,Unclear,Unclear,,
NCT01020799,unpublis,2,3,escitalopram,No,50,36.22,0.44,20‐20,Fixed,20,HAMD,24.40,4,DSM‐IV,North,Multi‐,Other/Unc,Other/Unclea,Unclear,Unclear,,
NCT01145755,unpublis,2,3,duloxetine,No,47,39.9,0.51,60‐60,Fixed,60,MADRS,*,6,*,North,Multi‐,Other/Unc,Other/Unclea,Unclear,Unclear,,
NCT01808612,unpublis,3,3,fluoxetine,Yes,169,40.5,0.49,20‐20,Fixed,20,HAMD,21,*,6,*,Asia,Multi‐,Other/Unc,Outpatients,Unclear,Unclear,
Nemeroff 1995,1995,2,2,fluvoxamine,Yes,49,38.5,*,50‐150,Flexible,124,HAMD,21,24.57,7,DSM‐,North,Multi‐,Secondary,Outpatients,Yes,Yes,
Nemeroff 2007,2007,3,3,fluoxetine,Unclear,104,37.9,*,20‐60,Flexible,41,HAMD,21,23.70,6,DSM‐IV,North,Multi‐,Secondary,Outpatients,Yes,Unclear,
Newhouse,2000,2,2,sertraline,Yes,117,68,*,50‐100,Flexible,72,HAMD,24,25.10,12,DSM‐,North,Multi‐,Secondary,Outpatients,Yes,Yes,
Nierenberg,2007,3,3,escitalopram,No,274,43.3,*,10‐10,Fixed,10,HAMD,17,17.80,8,DSM‐IV,North,Multi‐,Secondary,Outpatients,Yes,Unclear,
Ninan 2003,unpublis,2,2,escitalopram,Yes,154,37.8,*,10‐20,Flexible,*,MADR,S,30.40,8,DSM‐IV,North,Multi‐,Other/Unc,Outpatients,Unclear,Unclear,
NKD20006,unpublis,2,3,paroxetine,Yes,125,37.9,0.63,20‐20,Fixed,20,HAMD,17,24.70,8,DSM‐IV,North,Multi‐,Other/Unc,Outpatients,Yes,No,
Noguera 1991,1991,2,2,clomipramin,No,60,46 (*),*,100‐100,Fixed,100,HAM,D,24.60,6,DSM‐III,Europe,Multi‐,Secondary,Other/Unclea,Yes,Yes,
Norton 1984,1984,2,3,fluvoxamine,Yes,35,39.2,*,100‐*,Flexible,133,HAMD,17,19.50,4,RDC,Europe,Multi‐,Secondary,Outpatients,No,Yes,
Oakes 2012a,2012,2,2,duloxetine,Yes,257,42.2,0.60,60‐60,Fixed,60,HAMD,17,22.90,36,DSM‐IV,North,Multi‐,Other/Unc,Other/Unclea,Unclear,Unclear,
Oakes 2012b,2012,2,2,duloxetine,Yes,261,44.7,0.65,60‐60,Fixed,60,HAMD,17,22.80,36,DSM‐IV,North,Multi‐,Other/Unc,Outpatients,Unclear,Unclear,
Olie 1997,1997,2,2,sertraline,Yes,129,43.6,0.61,50‐200,Flexible,*,HAMD,17,25.4,6,DSM‐,Europe,Unclear,Other/Unc,Outpatients,Yes,Yes,
Olie 2007 (CL3‐,2004,2,2,agomelatine,Yes,118,44.3,0.72,25‐50,Flexible,*,HAMD,17,27.40,6,DSM‐IV,Europe,Multi‐,Secondary,Both,No,No,
Ontiveros 1994,1994,2,2,paroxetine,No,60,43.1,*,20‐20,Fixed,20,HAMD,21,26.20,6,DSM‐,North,Multi‐,Other/Unc,Outpatients,Yes,No,
OntiverosSanch,1998,2,2,fluoxetine,Yes,21,38.6,0.43,20‐20,Fixed,20,HAMD,17,23.50,6,DSM‐,South,Single,Secondary,Outpatients,Yes,Unclear,
Ottevanger,1995,2,2,fluvoxamine,Yes,20,51.3,*,100‐300,Flexible,204,HAMD,17,26.40,4,Feighne,Europe,Multi‐,Other/Unc,Inpatients,Unclear,Yes,
Ou 2010,2010,2,2,citalopram,Unclear,120,36.4,0.54,20‐40,Flexible,28,HAMD,17,22.9,6,DSM‐IV,Asia,Multi‐,Secondary,Both,Unclear,Yes,
PAR 01 001,1989,2,2,paroxetine,Yes,25,42.1,0.35,10‐50,Flexible,27,HAMD,21,27.90,6,DSM‐III,North,Single,Other/Unc,Outpatients,Yes,Unclear,
PAR 279 MDUK,unpublis,2,3,paroxetine,Yes,19,39.7,0.68,30‐30,Fixed,30,HAM,D,22.80,6,*,Europe,Multi‐,Other/Unc,Other/Unclea,Yes,Unclear,
PAR 29060.308,unpublis,2,2,paroxetine,Yes,10,43.3,0.60,30‐30,Fixed,30,*,,*,6,*,Europe,Single,Secondary,Inpatients,Yes,Unclear,
PAR 29060.310,unpublis,2,2,paroxetine,Yes,10,39.1,0.67,30‐30,Fixed,30,*,,*,7,*,Europe,Single,Other/Unc,Other/Unclea,Yes,Unclear,
PAR 29060.314,unpublis,2,2,paroxetine,Yes,10,46.8,0.30,30‐30,Fixed,30,*,,*,6,*,Europe,Single,Other/Unc,Other/Unclea,Yes,Unclear,
PAR 29060.316,unpublis,2,2,paroxetine,Yes,9,47.2,0.78,30‐30,Fixed,30,*,,*,7,RDC,Europe,Multi‐,Secondary,Inpatients,Yes,Unclear,
PAR 29060.318,unpublis,2,2,paroxetine,Yes,9,47.3,1.00,30‐30,Fixed,30,,*,,*,7,*,Europe,Single,Secondary,Inpatients,Yes,Unclear
PAR 29060/281,unpublis,2,2,paroxetine,Yes,82,39.5,0.78,30‐30,Fixed,30,HAM,D,21,27.80,6,Feighne,Europe,Single,Primary,Other/Unclea,Yes,Unclear
PAR MDUK 032,unpublis,2,2,paroxetine,Yes,29,42.6,*,20‐30,Flexible,*,HAM,D,17,24.00,6,DSM‐III,*,Multi‐,Primary,Outpatients,Unclear,Unclear
Patris 1996,1996,2,2,fluoxetine,No,184,43 (*),*,20‐20,Fixed,20,MA,DR,S,29.40,8,DSM‐,Europe,Multi‐,Primary,Outpatients,Yes,Unclear
Paykel 1988,1988,2,2,amitriptyline,No,45,*,*,125‐175,Flexible,111,HAM,D,17,16.2,6,RDC,Europe,Multi‐,Primary,Outpatients,Unclear,Yes
Pelicier 1993,1993,2,2,clomipramin,No,42,70.2,,60‐60,Fixed,60,MA,DR,S,30.00,5,Feighne,Europe,Multi‐,Other/Unc,Outpatients,Unclear,Unclear
Perahia 2006,2006,4,4,duloxetine,Yes,93,46.47,*,80‐80,Fixed,80,HAM,D,17,21.30,8,DSM‐IV,Unspecified,Multi‐,Other/Unc,Outpatients,Yes,Unclear
Perahia 2008a,2008,2,2,duloxetine,Yes,166,45.42,0.72,60‐60,Fixed,60,HAM,D,17,23.10,6,DSM‐IV,Cross‐,Multi‐,Other/Unc,Outpatients,Unclear,Unclear
Perahia 2008b,2008,3,3,duloxetine,Yes,164,43.07,0.67,60‐60,Fixed,60,HAM,D,17,22.21,6,DSM‐IV,Cross‐,Multi‐,Other/Unc,Outpatients,Unclear,Unclear
Pomara 2013,2013,2,2,vilazodone,Unclear,255,*,*,40‐40,Fixed,40,MA,DR,S,*,9,DSM‐IV,North,Multi‐,Other/Unc,Outpatients,Unclear,Unclear
Preskorn 1991,1991,2,2,fluoxetine,Yes,30,*,*,20‐60,Flexible,*,HA,M,D,23.8,6,DSM‐III,North,Multi‐,Other/Unc,Outpatients,Yes,Yes
PZ/109,unpublis,2,2,sertraline,Yes,104,*,0.60,*,Flexible,*,HAMD 17,22.00,8,*,*,*,*,*,*,*,,
PZ/111,unpublis,3,3,fluoxetine,No,108,*,0.67,*,Flexible,*,HAMD 17,24.40,8,*,*,*,*,*,*,*,,
Quera‐Salva,2010,2,2,agomelatine,Yes,71,41.3,*,25‐50,Flexible,*,HAMD 17,26.10,25,DSM‐IV,Cross‐,Multi‐,Primary,Outpatients,No,No,,
Raft 1981,1981,2,3,amitriptyline,No,12,*,*,100‐300,Flexible,235,HAMD17,29.66,5,Feighne,North,Single,Secondary,Inpatients,Unclear,Unclear,,
Rapaport 1996,1996,2,2,fluvoxamine,Yes,51,40 (*),*,100‐150,Flexible,102,HAMD 21,25.20,7,DSM‐,North,Multi‐,Other/Unc,Outpatients,Yes,Yes,,
Rapaport 2003,2003,3,3,paroxetine,Yes,104,70.39,*,12.5‐50,Flexible,30,HAMD 17,22.10,12,DSM‐IV,North,Multi‐,Other/Unc,Outpatients,Yes,Unclear,,
Rapaport 2009,2009,2,3,paroxetine,Yes,177,67,*,25‐25,Fixed,25,HAMD 17,22.74,10,DSM‐IV,North,Multi‐,Other/Unc,Outpatients,Yes,Unclear,,
Raskin 2007,2007,2,2,duloxetine,Yes,207,72.63,0.60,60‐60,Fixed,60,HAMD 17,18.76,8,DSM‐IV,North,Multi‐,Other/Unc,Other/Unclea,Yes,Unclear,,
Ravindran 1995,1995,2,3,sertraline,Yes,40,38.8,0.65,50‐200,Flexible,*,HAMD 17,20.7,8,DSM‐,North,Multi‐,Secondary,Outpatients,Yes,Unclear,,
Ravindran 1997,1997,2,2,paroxetine,Yes,513,43.3,0.73,20‐40,Flexible,*,MADRS,29.7,12,Other,Cross‐,Multi‐,Primary,Other/Unclea,Yes,Yes,,
Reimherr 1990,1990,3,3,amitriptyline,No,149,37.9,*,50‐150,Flexible,104,HAMD 17,23.18,8,DSM‐III,North,Multi‐,Secondary,Outpatients,Yes,No,,
Reimherr 1998,1998,2,3,placebo,No,121,40.2,*,0‐0,Fixed,0,HAMD,17,23.21,8,DSM‐,North,Multi‐,Other/Unc,Outpatients,Yes,Unclear,
Remick 1994,1994,2,2,amitriptyline,No,17,41 (*),*,50‐300,Flexible,135,HAMD,17,23.50,7,DSM‐III,North,Multi‐,Secondary,Outpatients,Yes,Unclear,
Rickels 1982,1982,3,3,amitriptyline,No,68,40,*,75‐200,Flexible,140,HAMD,21,26.46,6,DSM‐III,North,Single,Both,Outpatients,Unclear,Unclear,
Rickels 1985,1985,2,4,amitriptyline,No,124,39,*,50‐225,Flexible,148,HAMD,21,25.48,6,DSM‐III,North,Multi‐,Secondary,Outpatients,Yes,No,
Rickels 1994,1994,2,3,nefazodone,Yes,96,44.7,0.68,100‐600,Flexible,375,HAMD,17,24.40,8,DSM‐,North,Multi‐,Both,Outpatients,Unclear,Yes,
Rickels 1995,1995,2,3,nefazodone,Yes,45,*,*,200‐600,Flexible,419,HAMD,17,24.20,8,DSM‐,North,Single,Other/Unc,Outpatients,Unclear,No,
Rickels 2009,2009,2,2,vilazodone,Yes,205,40,*,40‐40,Fixed,40,HAMD,17,24.80,8,DSM‐IV,North,Multi‐,Other/Unc,Other/Unclea,Unclear,Unclear,
Robinson 2014,2014,2,2,duloxetine,Yes,249,73.01,0.66,60‐60,Fixed,60,HAMD,17,19.40,24,DSM‐IV,Cross‐,Multi‐,Other/Unc,Other/Unclea,Yes,Unclear,
Roffman 1982,1982,2,3,amitriptyline,No,95,42.55,*,75‐225,Fixed,225,HAMD,21,24.2,4,DSM‐III,North,Multi‐,Other/Unc,Outpatients,Yes,Yes,
Roose 2004,2004,2,2,citalopram,Yes,87,79.9,0.54,10‐40,Flexible,*,HAMD,24,24.40,8,DSM‐IV,North,Multi‐,Other/Unc,Outpatients,Yes,Unclear,
Ropert 1989,1989,2,2,fluoxetine,Unclear,71,42.7,0.60,20‐20,Fixed,20,HAMD,21,23.00,6,DSM‐III,Europe,Multi‐,Other/Unc,Outpatients,Unclear,Unclear,
Rossini 2005,2005,2,2,fluvoxamine,Unclear,40,67.8,*,200‐200,Fixed,200,HAMD,21,31.23,7,DSM‐IV,Europe,Single,Secondary,Inpatients,Unclear,Yes,
Roth 1990,1990,2,3,fluvoxamine,Yes,30,42.8,0.67,100‐300,Flexible,218,HAM,D,28.3,6,DSM‐III,North,Multi‐,Secondary,Outpatients,Yes,Yes,
Rouillon 1991,1991,2,2,paroxetine,Yes,45,71.8,0.87,20‐50,Other/U,*,HAMD,21,27,6,DSM‐III,Europe,Multi‐,Secondary,Inpatients,Unclear,Unclear,
Rowan 1980,1980,2,3,amitriptyline,No,44,*,*,75‐,Flexible,*,HAMD,17,*,6,RDC,Europe,Single,Secondary,Outpatients,Yes,Unclear,
Rudolph 1998,1998,4,4,venlafaxine,Yes,89,43.6,0.40,75‐75,Fixed,75,HAMD,21,26.00,6,DSM‐III,North,Multi‐,Secondary,Outpatients,Yes,Yes,
Rudolph 1999,1999,3,3,fluoxetine,No,103,40 (*),*,20‐60,Flexible,47,HAMD,21,26.00,8,DSM‐IV,North,Multi‐,Secondary,Outpatients,Yes,Unclear,
Rush 1998,1998,2,2,nefazodone,Yes,*,*,*,200‐500,Flexible,*,HAMD,17,*,8,DSM‐,North,Multi‐,Other/Unc,Outpatients,Unclear,Unclear,
Rush 2001,2001,2,2,bupropion,Yes,122,39 (*),0.48,100‐300,Flexible,259,HAMD,21,24.8,16,DSM‐IV,North,Multi‐,Other/Unc,Outpatients,Unclear,Unclear,
Sacchetti 2002,2002,2,2,paroxetine,Yes,64,48.7,0.64,20‐50,Flexible,*,HAMD,21,25.4,12,DSM‐,Europe,Multi‐,Secondary,Outpatients,Yes,Yes,
Sambunaris,2014,2,2,placebo,No,220,44.6,0.66,0‐0,Flexible,0,HAMD,17,22.90,8,DSM‐IV,North,Multi‐,Other/Unc,Outpatients,Yes,Yes,
Samuelian 1998,1998,2,2,venlafaxine,Yes,52,47,*,100‐150,Flexible,105,HAMD,21,27.80,6,DSM‐,Europe,Multi‐,Other/Unc,Outpatients,Yes,Yes,
Sauer 2003,2003,2,2,venlafaxine,Yes,79,48.5,*,75‐150,Flexible,85,HAMD,21,23.60,6,ICD‐10,Europe,Multi‐,Both,Outpatients,Unclear,No,
Schatzberg,2002,2,2,mirtazapine,Yes,128,71.7,*,15‐45,Flexible,34,HAMD,17,22.20,8,DSM‐IV,North,Multi‐,Other/Unc,Outpatients,Unclear,Yes,
Schatzberg,2006,3,3,fluoxetine,No,100,71 (*),*,20‐60,Flexible,*,HAMD,21,24.00,8,DSM‐IV,North,Multi‐,Secondary,Outpatients,Yes,Yes,
Schneider 2003,2003,2,2,sertraline,Yes,371,70,0.54,50‐100,Flexible,82,HAMD,17,21.40,8,DSM‐IV,North,Multi‐,Both,Outpatients,Yes,Yes,
Schoene 1993,1993,2,2,paroxetine,Yes,54,74.3,*,20‐50,Flexible,*,HAMD,21,29.00,6,DSM‐,Europe,Multi‐,Other/Unc,Outpatients,Yes,Unclear,
Schwartz 2002,2002,2,2,reboxetine,Unclear,80,41.9,0.71,8‐10,Flexible,*,HAMD,17,28.60,8,DSM‐IV,Cross‐,Multi‐,Other/Unc,Other/Unclea,Unclear,Unclear,
Schweizer 1994,1994,2,3,venlafaxine,Yes,76,41,0.71,150‐225,Flexible,179,HAMD,21,25.39,6,DSM‐,North,Multi‐,Other/Unc,Outpatients,Yes,Unclear,
SCT‐MD‐09,unpublis,2,2,escitalopram,Yes,16,35.9,*,10‐20,Fixed,*,*,,*,5,DSM‐IV,North,Single,Other/Unc,Outpatients,Unclear,Unclear,
SCT‐MD‐49,unpublis,3,3,escitalopram,Yes,325,41.4,0.64,10‐10,Fixed,10,HAMD,24,29.30,8,DSM‐IV,North,Multi‐,Other/Unc,Other/Unclea,Yes,Unclear,
Sechter 1999,1999,2,2,sertraline,Yes,118,43.4,*,50‐150,Flexible,77,HAMD,17,24.50,8,DSM‐,Europe,Multi‐,Secondary,Outpatients,No,Unclear,
Sechter 2004,2004,2,2,milnacipran,Yes,149,44.8,*,100‐100,Fixed,100,HAMD,17,23.70,6,DSM‐IV,Europe,Multi‐,Secondary,Outpatients,Unclear,Unclear,
SER 101 (FDA),unpublis,4,5,sertraline,Yes,26,*,*,50‐50,Fixed,50,HAMD,17,*,4,DSM‐III,North,Multi‐,Secondary,Inpatients,Yes,Unclear,
SER 310 (FDA),unpublis,4,4,sertraline,Yes,33,*,*,50‐50,Fixed,50,*,,*,4,DSM‐III,Europe,Multi‐,Secondary,Inpatients,Yes,Yes,
SER 315 (FDA),unpublis,3,3,sertraline,Yes,85,41 (*),0.66,50‐200,Flexible,105,HAMD,17,23.10,8,DSM‐III,Europe,Multi‐,Other/Unc,Outpatients,Yes,Yes,
SER‐CHN‐1,unpublis,2,2,paroxetine,Yes,113,40.14,0.55,20‐30,Flexible,*,HAM,D,27.10,6,DSM‐,Asia,Multi‐,Other/Unc,Other/Unclea,Unclear,Unclear,
Settle 1999,1999,2,3,bupropion,Yes,150,37.2,*,100‐300,Flexible,*,HAMD,21,24.40,8,DSM‐,North,Multi‐,Other/Unc,Outpatients,Yes,No,
Shaw 1986,1986,2,2,citalopram,Unclear,24,*,*,30‐60,Flexible,46,HAMD,17,25.67,6,DSM‐III,Europe,Multi‐,Secondary,Both,Unclear,Yes,
Sheehan 2009a,2009,3,3,fluoxetine,No,99,37.8,0.69,60‐80,Flexible,61,HAMD,21,29.50,6,DSM‐IV,North,Multi‐,Secondary,Inpatients,Yes,Yes,
Sheehan 2009b,2009,2,2,trazodone,Yes,206,43.8,0.64,150‐375,Flexible,310,HAMD,17,23.20,8,DSM‐IV,North,Multi‐,Other/Unc,Other/Unclea,No,No,
Shelton 2006,2006,2,2,venlafaxine,Unclear,78,37.2,*,75‐225,Flexible,*,HAMD,17,22.40,8,DSM‐IV,North,Multi‐,Secondary,Outpatients,Unclear,No,
Shipley 1981,1981,2,2,amitriptyline,No,53,39,*,200‐200,Fixed,200,HAMD,17,38.5,4,RDC,North,Single,Secondary,Inpatients,Yes,Unclear,
Shu 2014 (CL3‐,2014,2,2,agomelatine,Yes,314,39.2,0.68,25‐50,Flexible,*,HAMD,17,26.80,8,DSM‐IV,Asia,Multi‐,Primary,Outpatients,No,No,
Silverstone,1999,3,3,fluoxetine,No,121,43.2,*,20‐60,Flexible,40,HAMD 21,27.20,12,DSM‐IV,*,Multi‐,Other/Unc,Outpatients,Yes,Unclear,,
Sir 2005,2005,2,2,venlafaxine,No,84,36.8,*,75‐225,Flexible,161,HAMD 17,23.50,8,DSM‐IV,Cross‐,Multi‐,Secondary,Outpatients,Unclear,Unclear,,
Smeraldi 1998,1998,3,3,venlafaxine,Unclear,55,71 (6),*,75‐150,Flexible,*,*,*,6,DSM‐,Europe,Multi‐,Other/Unc,Both,Yes,Unclear,,
Smith 1990,1990,3,3,mirtazapine,Yes,50,*,*,10‐35,Flexible,18,HAMD 21,27.50,6,DSM‐III,North,Unclear,Secondary,Outpatients,Yes,Unclear,,
Sramek 1995,1995,2,3,fluoxetine,No,72,33.9,0.60,20‐20,Fixed,20,HAMD 24,28.20,9,DSM‐,North,Single,Other/Unc,Other/Unclea,Yes,Unclear,,
Stahl 2000,2000,3,3,citalopram,Yes,107,39.1,*,20‐60,Flexible,57,HAMD 21,26.50,8,DSM‐IV,North,Multi‐,Other/Unc,Outpatients,Yes,Unclear,,
Stahl 2010,2010,3,3,agomelatine,Yes,168,43.2,0.68,25‐25,Fixed,25,HAMD 17,26.80,8,DSM‐IV,North,Multi‐,Other/Unc,Outpatients,Unclear,No,,
Staner 1995,1995,2,2,paroxetine,Yes,21,41.7,*,30‐30,Fixed,30,HAMD 21,26.00,5,RDC,Europe,Single,Secondary,Inpatients,Yes,Yes,,
Stark 1985,1985,2,3,fluoxetine,Yes,185,40 (*),0.68,20‐80,Flexible,69,HAMD 21,27.50,6,DSM‐III,North,Multi‐,Other/Unc,Outpatients,Yes,Unclear,,
Stratas 1984,1984,2,3,amitriptyline,No,12,*,*,50‐300,Flexible,179,HAMD,21,*,6,RDC,North,Single,Secondary,Outpatients,Yes,Unclear,
Studie009,unpublis,2,2,reboxetine,Yes,26,45.81,0.65,8‐8,Fixed,8,HAMD,17,25.33,4,DSM‐III,Europe,Multi‐,Secondary,Inpatients,Unclear,Yes,
Studie032,unpublis,2,2,reboxetine,Yes,43,40.65,0.63,8‐10,Flexible,8,HAMD,21,27.23,8,DSM‐IV,Asia,Multi‐,Secondary,Both,Yes,Yes,
Study 015,unpublis,2,3,reboxetine,Yes,112,45.9,0.63,8‐10,Flexible,9,HAMD,21,27.50,6,DSM‐,Cross‐,Multi‐,Secondary,Both,Unclear,Yes,
Study 032a,unpublis,2,2,reboxetine,Yes,24,79.75,0.79,4‐6,Flexible,*,HAMD,21,23.20,8,DSM‐,Europe,Multi‐,Secondary,Inpatients,Unclear,Yes,
Study 043,2006,2,2,reboxetine,Yes,183,42.8,0.69,8‐10,Flexible,9,HAMD,21,27.40,24,DSM‐IV,Europe,Multi‐,Other/Unc,Outpatients,Unclear,Yes,
Study 045,unpublis,3,4,reboxetine,Yes,87,40.8,0.63,4‐4,Fixed,4,HAMD,21,26.20,6,DSM‐IV,Cross‐,Multi‐,Both,Both,No,Yes,
Study 049,unpublis,2,2,reboxetine,Yes,107,39.9,0.55,8‐10,Flexible,10,HAMD,21,25.10,6,DSM‐IV,North,Multi‐,Other/Unc,Outpatients,Yes,No,
"Study 19 (FDA,",unpublis,2,2,fluoxetine,Yes,22,34.1,0.75,40‐80,Flexible,*,HAMD,21,28.90,5,RDC,*,Single,Other/Unc,Outpatients,Yes,Unclear,
"Study 205 (FDA,",unpublis,4,5,bupropion,Yes,120,39.6,0.57,200‐200,Fixed,200,HAMD,17,23.20,8,Other,North,Multi‐,Other/Unc,Outpatients,Yes,Unclear,
"Study 25 (FDA,",unpublis,2,2,fluoxetine,Yes,18,49.4,0.72,*‐80,Other/U,*,HAMD,21,25.20,5,RDC,*,Unclear,Other/Unc,Outpatients,Yes,Unclear,
Study 62a (FDA),unpublis,4,4,fluoxetine,Yes,104,38.31,0.59,60‐60,Fixed,60,HAMD,21,17.20,6,DSM‐III,*,Multi‐,Other/Unc,Outpatients,Yes,Unclear,
Study 62b,unpublis,4,4,fluoxetine,Yes,105,39.93,0.58,60‐60,Fixed,60,HAMD,21,24.20,6,DSM‐III,*,Multi‐,Other/Unc,Outpatients,Yes,Unclear,
Study 89306,unpublis,3,3,citalopram,Yes,88,*,*,20‐20,Fixed,20,MADR,S,32.70,6,DSM‐,*,Multi‐,Both,Both,Yes,Yes,
Study F1J‐MC‐,unpublis,3,3,duloxetine,Yes,82,39.86,*,40‐120,Flexible,*,HAMD,17,17.88,10,DSM‐IV,North,Multi‐,Other/Unc,Outpatients,Yes,Unclear,
Szegedi 2006,2006,2,2,mirtazapine,Yes,130,*,*,45‐45,Fixed,45,HAMD,17,24.60,6,DSM‐IV,Europe,Multi‐,Other/Unc,Outpatients,No,Unclear,
Thase 1997,1997,2,2,venlafaxine,Yes,95,40,0.63,75‐225,Flexible,177,HAMD,21,24.53,8,DSM‐IV,North,Multi‐,Other/Unc,Outpatients,Yes,Yes,
Thase 2006,2006,2,2,bupropion,Yes,171,37.1,*,150‐450,Flexible,300,HAMD,17,24.90,12,DSM‐IV,North,Multi‐,Secondary,Outpatients,Unclear,Unclear,
Thomson 1982,1982,2,4,amitriptyline,No,31,*,*,150‐150,Fixed,150,HAM,D,17.35,12,RDC,Europe,Multi‐,Primary,Outpatients,Yes,Yes,
Tignol 1993,1993,2,2,paroxetine,Yes,89,43,*,20‐20,Fixed,20,MADR,S,30.74,6,DSM‐,Europe,Multi‐,Secondary,Inpatients,Yes,Unclear,
Timmerman,1993,2,2,fluvoxamine,No,109,*,*,100‐200,Flexible,*,HAMD,17,24.50,6,DSM‐,Europe,Multi‐,Secondary,Outpatients,Unclear,Yes,
Tollefson 1995,1995,2,2,fluoxetine,Yes,335,67.4,0.54,*‐20,Flexible,*,HAMD,17,22.20,6,DSM‐,North,Multi‐,Other/Unc,Outpatients,Yes,Unclear,
Tomarken 2004,2004,2,2,bupropion,Yes,10,39.4,*,200‐300,Flexible,*,HAMD,17,21.70,6,DSM‐IV,North,Single,Secondary,Outpatients,No,Unclear,
Tourian 2009,2009,4,4,desvenlafaxi,Yes,155,41,,50‐50,Fixed,50,HAMD,17,23,8,DSM‐IV,North,Multi‐,Other/Unc,Outpatients,No,Unclear,
Trivedi 2004,2004,2,3,placebo,No,149,38.4,*,0‐0,Fixed,0,HAMD,17,23.80,8,DSM‐IV,North,Multi‐,Other/Unc,Other/Unclea,Yes,Unclear,
Tsutsui 2000,2000,2,2,paroxetine,Yes,116,39.1,*,10‐40,Flexible,32,HAMD,17,23.60,6,DSM‐IV,Asia,Multi‐,Both,Both,No,Yes,
Tylee 1997,1997,2,2,fluoxetine,No,170,45.5,0.75,20‐20,Fixed,20,HAMD,17,22.50,12,DSM‐IV,Europe,Multi‐,Primary,Outpatients,Unclear,Unclear,
Tzanakaki 2000,2000,2,2,fluoxetine,No,54,49,*,20‐60,Flexible,*,HAMD,21,27.10,6,DSM‐IV,Europe,Multi‐,Secondary,Both,Yes,Unclear,
Upward 1988,1988,2,2,fluoxetine,Yes,13,40,0.55,60‐80,Flexible,75,*,,*,4,*,Europe,Unclear,Other/Unc,Outpatients,Yes,Yes,
Van de Merwe,1984,3,3,amitriptyline,No,5,*,*,100‐150,Flexible,*,HAMD,17,*,4,RDC,Europe,Single,Secondary,Outpatients,Yes,Yes,
VanMoffaert,1995,2,2,sertraline,Yes,83,46.1,*,50‐100,Flexible,*,HAMD,17,24.50,8,DSM‐,Europe,Multi‐,Secondary,Other/Unclea,Yes,Yes,
VanMoffaert,1995,2,2,mirtazapine,Yes,100,46.1,0.69,24‐72,Flexible,*,HAMD,17,29.2,6,DSM‐III,Europe,Multi‐,Secondary,Inpatients,Unclear,Yes,
Vartiainen 1994,1994,2,2,mirtazapine,Yes,60,46 (*),0.58,15‐50,Flexible,33,HAMD,21,25.60,6,*,Europe,Multi‐,Secondary,Inpatients,Yes,Yes,
VEN 600A‐303,unpublis,2,3,venlafaxine,Yes,83,39 (*),0.70,150‐225,Flexible,185,HAMD,21,23.63,6,DSM‐,North,Single,Other/Unc,Outpatients,Yes,Yes,
VEN 600A‐313,unpublis,3,4,venlafaxine,Yes,76,38 (*),0.70,75‐75,Fixed,75,HAMD,21,25.57,6,DSM‐,North,Unclear,Other/Unc,Outpatients,Yes,Yes,
VEN XR 367,unpublis,4,4,venlafaxine,Yes,83,*,0.70,75‐75,Fixed,75,HAMD,21,26.49,8,DSM‐,Europe,Multi‐,Other/Unc,Outpatients,Yes,Yes,
Ventura 2007,2007,2,2,escitalopram,Yes,107,40.6,*,10‐10,Fixed,10,HAMD,24,26.80,8,DSM‐IV,North,Multi‐,Other/Unc,Outpatients,Unclear,Unclear,
Versiani 1999,1999,2,2,fluoxetine,Yes,77,41.3,0.76,20‐20,Fixed,20,HAMD,21,28.40,8,DSM‐IV,South,Multi‐,Other/Unc,Other/Unclea,Yes,No,
Versiani 2000,2000,2,2,reboxetine,Yes,28,41.4,0.46,10‐10,Fixed,10,HAMD,21,35.70,6,DSM‐,Cross‐,Multi‐,Secondary,Inpatients,Yes,No,
Versiani 2005,2005,2,2,mirtazapine,Yes,145,43 (*),*,15‐60,Flexible,*,HAMD,17,29.00,8,DSM‐IV,Cross‐,Multi‐,Other/Unc,Other/Unclea,Yes,No,
Wade 2002,2002,2,2,placebo,No,189,40,0.78,0‐0,Fixed,0,MADR,S,28.70,8,DSM‐IV,Cross‐,Multi‐,Primary,Outpatients,Yes,Unclear,
Wade 2003 (E‐,2003,2,2,mirtazapine,Yes,99,40,*,15‐45,Flexible,35,HAMD,17,23.80,12,DSM‐IV,Europe,Multi‐,Primary,Outpatients,No,No,
Wade 2007,2007,2,2,escitalopram,Yes,144,43.3,*,20‐20,Fixed,20,HAMD,17,22.70,8,DSM‐IV,Cross‐,Multi‐,Primary,Outpatients,No,Unclear,
Walczak 1996,1996,4,5,fluvoxamine,Yes,101,*,*,50‐50,Fixed,50,HAMD,21,*,6,DSM‐,North,Multi‐,Secondary,Outpatients,Yes,No,
Wang 2014,2014,2,3,escitalopram,No,157,40.3,0.75,10‐20,Flexible,11,HAM,D,27.20,8,DSM‐IV,Cross‐,Multi‐,Other/Unc,Other/Unclea,Unclear,Yes,
Wang 2015,2015,2,2,vortioxetine,Yes,213,39.6,0.58,10‐10,Fixed,10,MADR,S,32.30,8,DSM‐IV,Asia,Multi‐,Secondary,Both,Unclear,Yes,
Weisler 1994,1994,2,2,bupropion,Yes,63,40.2,*,225‐450,Flexible,345,HAMD,21,25.80,6,DSM‐,North,Multi‐,Secondary,Outpatients,Yes,Unclear,
WELL 029,unpublis,2,3,bupropion,Yes,25,37.8,0.44,300‐300,Fixed,300,HAMD,21,26.60,4,*,North,Multi‐,Secondary,Inpatients,Unclear,Unclear,
WELL,unpublis,2,2,bupropion,Yes,69,37.6,*,300‐300,Fixed,300,HAMD,17,21.90,8,DSM‐IV,North,Multi‐,Other/Unc,Other/Unclea,Unclear,Unclear,
WELL,unpublis,3,3,fluoxetine,No,155,38.6,*,20‐60,Flexible,*,HAMD,21,25.30,8,DSM‐IV,North,Multi‐,Other/Unc,Outpatients,Unclear,Unclear,
Wellbutrin 06,unpublis,2,2,bupropion,Yes,56,42 (*),0.19,300‐600,Flexible,*,HAMD,21,28.50,4,*,North,Multi‐,Secondary,Inpatients,Unclear,Unclear,
Wellbutrin 25,unpublis,3,3,bupropion,Yes,45,52.4,0.49,300‐300,Fixed,300,HAMD,21,32.40,4,*,North,Multi‐,Secondary,Inpatients,Unclear,Unclear,
Wheatley 1998,1998,2,2,mirtazapine,Yes,66,47.2,*,15‐60,Flexible,40,HAMD,17,26.00,6,DSM‐III,Europe,Multi‐,Other/Unc,Both,Yes,No,
Wilcox 1994,1994,2,3,amitriptyline,No,50,40 (*),*,60‐300,Flexible,122,HAMD,17,23.8,6,DSM‐III,North,Single,Secondary,Outpatients,Yes,Yes,
Winokur 2003,2003,2,2,mirtazapine,Yes,8,40.9,*,15‐45,Flexible,*,HAMD,21,25.60,8,DSM‐IV,North,Unclear,Other/Unc,Other/Unclea,No,No,
Yang 2003,2003,2,2,milnacipran,Yes,27,43.5,*,50‐100,Flexible,*,HAMD,17,25.20,6,DSM‐IV,Asia,Multi‐,Secondary,Outpatients,Unclear,Unclear,
Yevtushenko,2007,2,3,escitalopram,Yes,109,35.2,0.61,10‐10,Fixed,10,MADR,S,25.67,6,DSM‐IV,Europe,Multi‐,Secondary,Outpatients,Unclear,Yes,
Young 1987,1987,2,2,fluoxetine,Unclear,32,46.1,0.68,40‐80,Flexible,73,HAM,D,44.00,6,RDC,Europe,Unclear,Secondary,Outpatients,Unclear,Yes,
Zajecka 2010,2010,3,3,agomelatine,Yes,170,44.2,0.69,25‐25,Fixed,25,HAMD,17,26.70,8,DSM‐IV,North,Multi‐,Primary,Outpatients,No,No,
Zhang 2014,2013,2,2,trazodone,No,192,39.5,0.62,150‐450,Flexible,273,HAMD,17,21.60,6,DSM‐IV,Asia,Multi‐,Secondary,Both,Yes,Unclear,
Zivkov 1995,1997,2,2,mirtazapine,Yes,103,48.5,*,*,Other/U,*,HAMD,17,27.30,6,DSM‐III,North,Multi‐,Other/Unc,Other/Unclea,Unclear,Unclear,
845,unpublis,2,3,bupropion,Yes,56,36.4,0.67,150‐450,Flexible,*,HAMD,21,24.60,6,*,North,Multi‐,Other/Unc,Outpatients,Yes,Unclear,
003‐008 (FDA),unpublis,3,5,mirtazapine,Yes,30,38 (*),0.63,15‐15,Fixed,15,HAMD,21,26.00,6,DSM‐III,North,Single,Other/Unc,Outpatients,Yes,Unclear,
003‐042,unpublis,4,4,mirtazapine,Yes,70,41,0.71,15‐15,Fixed,15,HAMD,21,25.30,8,DSM‐IV,North,Multi‐,Other/Unc,Outpatients,Yes,Unclear,
003‐048,unpublis,3,3,mirtazapine,Yes,210,41.4,0.60,45‐45,Fixed,45,HAMD 17,22.30,8,DSM‐IV,North,Multi‐,Other/Unc,Other/Unclea,Yes,Unclear,,
030A2‐,unpublis,2,3,nefazodone,Yes,76,44.9,0.53,50‐250,Flexible,175,*,*,6,DSM‐III,North,Multi‐,Other/Unc,Other/Unclea,Unclear,Yes,,
03A0A‐004A,unpublis,3,3,nefazodone,Yes,80,40.1,0.54,150‐300,Flexible,276,HAMD 17,23.20,6,DSM‐III,North,Multi‐,Other/Unc,Outpatients,Unclear,Yes,,
0600A1‐300,unpublis,3,*,venlafaxine,Yes,58,*,*,*,Other/U,*,*,*,*,*,*,Unclear,Other/Unc,Other/Unclea,Unclear,Unclear,,
0600A1‐372,unpublis,2,2,venlafaxine,Yes,156,*,*,*,Other/U,*,*,*,6,DSM‐IV,North,Unclear,Other/Unc,Outpatients,Unclear,Unclear,,
0600A‐326,unpublis,2,2,venlafaxine,Unclear,60,*,*,*,Other/U,*,*,*,6,DSM‐,*,*,Other/Unc,Other/Unclea,Unclear,Unclear,,
0600A‐332,unpublis,2,2,venlafaxine,Yes,27,*,*,*,Other/U,*,*,*,6,DSM‐,North,Unclear,Other/Unc,Outpatients,Unclear,Unclear,,
0600A‐347,unpublis,2,2,venlafaxine,Yes,63,*,*,*,Other/U,*,*,*,*,*,*,Unclear,Other/Unc,Other/Unclea,Unclear,Unclear,,
0600A‐349,unpublis,2,2,paroxetine,No,85,*,*,*,Other/U,*,*,*,8,DSM‐,*,Unclear,Other/Unc,Other/Unclea,Unclear,Unclear,,
0600A‐626,unpublis,2,2,venlafaxine,Yes,79,*,*,*,Other/U,*,*,*,8,DSM‐IV,North,Unclear,Other/Unc,Outpatients,Unclear,Unclear,,
0600A‐654,unpublis,2,2,venlafaxine,Yes,131,*,*,*‐150,Flexible,*,MADRS,*,12,DSM‐IV,*,Unclear,Other/Unc,Other/Unclea,Unclear,Unclear,,
0600B1‐367,unpublis,2,2,paroxetine,No,81,*,*,*,Other/U,*,HAMD,*,8,DSM‐,*,Unclear,Other/Unc,Other/Unclea,Unclear,Unclear,,
