Author,#,DOI,Search Engine,Year,Title,"Pharmacologic (P), Non-pharmacologic (NP), or Both",Exposure,Outcomes,Population/Eligibility,Number of Studies Included,Doses,Dose Justification?,Dose NMA primary or secondary/sensitivity?,Primary NMA Methods,Dose Response Methods ,Software (All Listed),Bias Assessments,Heterogeneity Assessment,Certainty of Evidence,Connectivity,Consistency,Transitivity,Linearity,Goodness of fit,Network Plot?,Dose Response Plot?,Forest plot?,Frequentist or Bayesian?
Bai et al.,1,10.1186/s12888-025-06783-7,UA Libraries,2025,The augmentative efcacy of secondgeneration anti-psychotics (SGA) to antidepressants in treating treatment-resistant depression: a network meta-regression analysis,P ,"Compared with ADT, aripiprazole 3 - 12 mg/d, brexpiprazole 1- 3 mg/d, cariprazine 1.5 - 3 mg/d, olanzapine 6 - 12 mg/d and fluoxetine 25 - 50 mg/d combination, and quetiapine XR 
antipsychotics (SGA) and ",Montgomery Asberg Depression Rating Scale (MADRS),"Treatment-resistent depreTreatment-resistant depression:  "" (1) MDD patients required a minimum of two prior treatment failures and confirmation of prior adequate dose and duration [19]. (2) Randomized controlled studies on SGAs in treating TRD. (3) The endpoints including at least one of the following: MADRS score; MADRS response rate; CGI-S score and MADRS remission rate. (4) The dosages of regimens and follow-up period were clearly stated. Exclusion criteria (1) Studies that evaluated only bipolar patients or TRD with psychotic features; patients with post-partum depression or prenatal depression or co-morbided with serious medical illnesses. (2) Reviews, letters, case series, or conference proceedings. (3) Non-interventional or non-randomized or single arm studies. (4) Duplicate cohort. (5) Non-English articles.""",23,1-5 per treatment,No explicit justification.,Primary,"""STATA 18.0 MP was used to generate Napierian logarithm hazard ratio (lnHR) and standard error of lnHR (selnHR) for dichotomous variants and standard mean difference (SMD) and standard error (SE) for constant variables. Subsequently these two data were input into R 4.3.2 by ""gemtc"" package to conduct Bayesian network meta-analysis as well as Bayesian network meta-regression adjusting follow-up period to generate surface under the cumulative ranking curve (SUCRA) and matrix as well as trace plots, density plots, and Brooks-Rubin-Gelman diagnostic plots. A higher SUCRA indicates a higher probability of becoming a better regimen, however, whether the effect size of any pairwise comparison with corresponding SUCRAs of all the regimens reached significance was judged from matrix. Markov chain Monte Carlo (MCMC) was employed to obtain posterior distributions. We set the iteration times to 300,000 of 4 each chain, with 20,000 burn-in iterations and a thinning interval of 10 for each outcome.""","Treated as separate nodes, fixed arms",R - gemtc,Cochrane Collaboration's Risk of Bias Tool for Interventions,"""Statistical heterogeneity was tested using I2 and p value. A fixed effect model was applied if there was no heterogeneity (I2 < 50% and P > 0.01), otherwise the random effect model would be applied. If I2 > 75%, then Galbraith plots would be drawn to exclude studies outside the outlines to annihilate heterogeneity.""",None,Yes - Network plot provided,"""The I2 of overall and loops inconsistency was less than 50% and p > 0.01, indicating no overall inconsistency nor loops inconsistency between direct and indirect comparisons.""",None,None,None,Yes,No,No,Bayesian
Birkinshaw et al. ,2,10.1002/14651858.CD014682.pub2,Cochrane,2023,Antidepressants for pain management in adults with chronic pain: anetwork meta-analysis (Review),Both,"ASSA: noradrenergic and specific serotonergic antidepressants; SNRI: serotonin noradrenalin reuptake inhibitors; SSRI: selective serotonin reuptake inhibitors; TCA: tricyclicantidepressants; nonad: non-antidepressants, CBT","Proportion of participants reporting at least 50% pain reduction, change in pain intensity scores, change in mood scores, proportion of participants reporting adverse events","Patients with CP: ""We included adults (aged 18 years or older) reporting primary or secondary pain in any part of their body (except headache) as their primary complaint, that matched the International Association for the Study of Pain (IASP) definition of chronic pain (i.e. at least three months' duration; IASP 2019). We included all studies regardless of the severity of participants' chronic pain, although we extracted whether severity was part of the inclusion criteria of the individual studies. We excluded studies where the participants' primary complaint was headache or migraine, as this had been covered in previous Cochrane Reviews (Williams 2020). Although this condition does fit within the IASP criteria, the diagnosis, classification and treatment of primary and secondary headache are often different from that of other pain conditions; and clinical trials are primarily aimed at prevention of further headaches or migraines rather than symptomatic treatment. We included participants with multiple health conditions as long as the chronic pain condition was the focus of the trial.""",176,"""We categorised doses of included antidepressants into low, standard, and high doses. These are displayed in Table 1. As the majority of antidepressants are not licensed for pain, we based our judgements on the recommendations of daily doses for clinical depression in the British National Formulary (British National Formulary 2022a). The judgements were made by clinical authors of the review; initially by the clinical pharmacist and then approved by discussion with a psychiatrist and anaesthetist. Standard doses were the recommended doses for depression in adults. Low doses were those listed as initial doses (where a standard range is specified), the dose for elderly patients, or any dose below the standard dose (where no range was specified). High doses were those listed at the upper range of standard dose ranges, or above the standard dose where no range is specified. Where studies included flexible dosing across multiple categories and did not report mean dose, we labelled them as ‘unable to be categorised’.""",Partial / pragmatic. Doses categorized based on BNF recommendations and clinical expert consensus; no explicit justification for the analytic choice of categories.,Primary,"""We analysed the data for all primary and secondary outcomes using Bayesian random-effects NMAs implemented using the R (r-project.org) package multinma (Phillippo 2022). Where dose was included in the network, we categorised them (low, standard, high) and incorporated them as separate nodes. Where a study had multiple arms investigating different doses of the same antidepressant that fall into in the same category (e.g. two different low doses), we did not combine them; by using the multinma package we were able to keep these as separate arms in the analysis.""","Included as separate nodes, some had only one dose, others had several low-high, standard etc.",R - multinma,"""Risk of bias for each study, using the criteria outlined in the Cochrane Handbook for Systematic Reviews of Interventions""","""We assessed heterogeneity within the network meta-analyses using the Tau statistic, in line with the guidance in the Cochrane Handbook for Systematic Reviews of Interventions (Deeks 2022). We assessed heterogeneity using Confidence in Meta-Analysis (CINeMA) software, which calculated the Chi2 test and the I2 statistic for each pairwise comparison on each outcome (Nikolakopoulou 2020). As outlined in the Cochrane Handbook for Systematic Reviews of Interventions, we interpreted the I2 statistic as follows (Deeks 2022). • 0% to 40%: might not be important • 30% to 50%: may represent moderate heterogeneity • 50% to 90%: may represent substantial heterogeneity • 75% to 100%: considerable heterogeneity. We took into account the magnitude and strength of effects when assessing heterogeneity.""","""We used CINeMA (Nikolakopoulou 2020) and ROB-MEN (Chiocchia)""","""We explored network connectivity via network plots.""",,"""We carefully scrutinised transitivity, which is the key underlying assumption of NMA. Transitivity requires studies to be similar on average across all factors that might alter treatment effects other than the intervention comparison being made (Chaimani 2022). To address this, we only included studies with similar clinical populations (i.e. participants reporting pain lasting at least three months; Furukawa 2016). Previous research, combined with review authors' clinical experience and knowledge, identified variables that could potentially influence our primary outcome: pain condition; age; pain intensity at baseline; depressive severity at baseline; treatment duration; and dosing schedule. We explored the impact of these factors by assessing the indirectness of the network. The inclusion of placebo and concerns about its potential to violate the transitivity assumption have been highlighted in general (Cipriani 2013), and particularly in depression studies (Rutherford 2009). Therefore, we explicitly compared placebo-controlled studies with those that provide head-to-head evidence as a form of validation of the network.""",None,"""We assessed model fit using mean residual deviance, and explored inconsistency through unrelated mean-eGect models (UME) and node-splitting where network geometry allowed (Dias 2013a). We used dev-dev plots, which compare residual deviance contributions from each model, to explore inconsistency. The data points are plotted against a line of equality; points on the line fit equally well under either model, whereas points above or below the line indicate better fits for one of the two models (Phillippo 2022). Node-splitting plots present the evidence of direct, indirect, and combined evidence on the same plot to allow comparisons.""",Yes,No,Yes,Bayesian
Braun et al.,3,10.1111/acps.13235,UA Libraries,2020,"In search of a dose–response relationship in
SSRIs—a systematic review, meta-analysis,
and network meta-analysis",P ,SSRIs,"""Primary outcome was the comparison of efficacy between different doses, as expressed in differences of psychopathology scores. For studies reporting more than one depression rating scale, we used the following hierarchy: 1. HDRS, 2. MADRS, 3. BMRS, 4. other scales. As the effect variable, we prioritized change from baseline over follow-up values and other endpoints."""," Clinical depression: ""(i) RCTs with randomization to at least two different doses of one SSRI (citalopram, escitalopram, fluoxetine, fluvoxamine, paroxetine, sertraline, or vilazodone). (ii) Patients diagnosed with depressive disorders according to established diagnostic systems, such as DSM or ICD. (iii) Treatment duration of at least three weeks. (iv) Outcome assessment by an established instrument, for example, HAMD, MADRS, and BDI""",33,"""Network meta-analysis comparing low, medium, and high doses of SSRIs; NMA included placebo arms from direct comparisons when available.""","Partial / pragmatic. Dose categories (low, medium, high) are described; however, the authors did not explicitly justify why doses were categorized rather than analyzed continuously in the NMA. Rationale from product monographs is implied but not formally justified.",Sensitivity,"""As a sensitivity analysis to the first approach, we carried out a network meta-analysis comparing low, medium, and high doses of SSRIs. In addition, we carried out a NMA with placebo arms from direct comparison studies added to the network. Whenever data were sufficiently similar to be combined, we performed a NMA using the frequentist weighted least squared approach (29). We used a random-effects model, taking into account the correlated treatment effects in multi-arm studies and assumed a common estimate for the heterogeneity variance across different comparisons. We created network plots using the CINeMA software (30) and evaluated heterogeneity and inconsistency using the generalized heterogeneity statistic Qtotal and the generalized I2 statistic (31). We used the decomp.design command in the R package netmeta (32,33). To evaluate the presence of inconsistency locally, we compared direct and indirect treatment estimates of each treatment comparison (34) using the netsplit command in the R package netmeta (32,33).""","Treated as separate nodes, categories",R - Netmeta,""" For risk of bias assessment, we used the Cochrane Collaboration Handbook risk of bias tool (chap. 8.5): Two authors (CBr, LR) rated all studies regarding random sequence generation, allocation concealment, blinding of participants and personnel, blinding of outcome assessment, incomplete outcome data, selective reporting, and other sources of bias. Investigations must show 'low' risk of bias in at least five out of six mentioned items to be considered a low risk of bias study. Otherwise, they were classified as 'high risk' or as having an 'unclear risk'.""","""Evaluated heterogeneity and inconsistency using the generalized heterogeneity statistic Qtotal and the generalized I2 statistic.""",CINeMA,Yes - Network plot provided,"""We also added or deleted studies from the analysis to test its robustness if studies appeared to contribute particularly to high heterogeneity (inconsistency)""","""…transitivity assumption met (Table S4). With the exception of the comparison between medium and low dosages.""","""We would have liked to use regression slopes for diverse doses and effects, as stated in our study protocol. However, such an approach rests on an approximately linear relationship between doses and effects, and we could not find any indication for linearity (or curvilinear associations).""",None,Yes (Supplemental),No,Yes,Frequentist
Holper,4,10.1016/j.eclinm.2019.11.012,UA Libraries,2020,"Optimal doses of antidepressants in dependence on age: Combined
covariate actions in Bayesian network meta-analysis",P ,"21 antidepressants: 
agomelatine (AGO), amitriptyline (AMI), bupropion (BUP), citalopram (CIT), clomipramine (CLO), 
desvenlafaxine (DES), duloxetine (DUL), escitalopram (ESC), fluoxetine (FLO), fluvoxamine (FLV), 
levomilnacipran (LEV), milnacipran (MIL), mirtazapine (MIR), nefazodone (NEF), paroxetine (PAR), 
reboxetine (REB), sertraline (SER), trazodone (TRA), venlafaxine (VEN), vilazodone (VIL), 
vortioxetine (VOR)","Efficacy in terms of response rate (?50% reduction on the Hamilton Depression Rating Scale, HDRS-17)",MDD - Re-analysis,188,"""Information on dose (mean 30.4 ± 14.6 mg/day fluoxetine equivalents; range 5–80 mg/day) was available in 497 trials (95%), comprising 110,641 patients (placebo arms not shown). Doses were converted to fluoxetine-equivalent daily doses (mg/day) using the method proposed by Hayasaka et al., supplemented by the World Health Organization defined daily dose (DDD) approach."" ""Based on standard Bayesian random-effects network meta-analysis, a model based on restricted cubic splines was implemented to assess nonlinear treatment-by-covariate interactions with dose as a continuous covariate.""",Yes — explicit. Dose treated as continuous to model nonlinear dose–response relationships using restricted cubic splines; conversion to fluoxetine equivalents justified to harmonize doses across studies.,Primary," ""The present analysis therefore aimed to implement a nonlinear model based on RCS into Bayesian NMA. The implementation further aimed to adjust not only for separate covariates (i.e., dose or age) but also for the combined covariate action. The methodological approach presented here thus provides the first example how nonlinear combined covariate effects can be analyzed and graphically presented based on Bayesian NMA. The results are expected to support clinical decision making in defining optimal dosages for antidepressant treatment in patient populations differing in age... Based on standard Bayesian random-effects NMA, a model based on restricted cubic splines (RCS) was implemented to assess nonlinear treatment-by-covariate interactions with two continuous covariates (xa/xb, i.e., dose and age). The spline basis matrices for the main covariate effects were generated using the function rcs and those for the interaction effects, i.e., the tensor product splines, were generated using the restricted interaction operator %ia%, both implemented in the rms package. Interaction effects were restricted to be not doubly nonlinear with products involving nonlinear effects on both covariates not included in the model. The RCS model was assessed using 3 knots based on combinations out of 7 possible knot locations for each covariate (dose (mg/dayFE) = [10, 20, 30, 40, 50, 60, 70]; age (years) = [35, 40, 45, 50, 55, 60, 70]), resulting in N = 35 models per covariate""""",Random-effects NMA using RCS to model non-linear dose- and age-based treatment-by-covariate interactions,JAGS,None,None,None,None,None ,None,"modelbasedonrestrictedcubicsplines(RCS)wasimplementedtoassessnon-lineartreatment-by-covariateinteractionswithtwocontinuouscovari-ates(xa/xb,i.e.,doseandage).","""Best-fitting RCS model were selected based on the smallest DIC (Table S2). Covariate dose fitted best with knots located at [10, 20, 40] mg/dayFE; these knots are located at areas with greater covariate density (Fig. S2) compared to those reported by Furukawa et al. [1] ([10, 20, 50] mg/dayFE), and may therefore reflect dose phenomena better. Covariate age was best described with knots located at [40, 45, 60] years; these knots are reasonable because of the relatively large contribution of the upper end of the age spectrum to treatment effects (Fig. S3) [37].""",No,Yes,No,Bayesian
Hsu et al.,5,10.1136/bmj-2023-078607,PubMed,2024,"Comparative oral monotherapy of psilocybin, lysergic acid diethylamide, 3,4-methylenedioxymethamphetamine, ayahuasca, and escitalopram for depressive symptoms: systematic review and Bayesian network meta-analysis",P ,"3,4-methylenedioxymethamphetamine (known as MDMA), lysergic acid diethylamide (known as LSD), psilocybin, or ayahuasca"," change in depression, measured by the 17-item Hamilton depression rating scale","Clinical Depression: Eligible studies were randomised controlled trials with parallel group or crossover designs. We included: (i) adults (?18 years) with clinically diagnosed depression (eg, major depressive disorder, bipolar disorder, or other psychiatric disorders with comorbid clinical depression) or life threatening diagnoses and terminal illness with depressive symptoms; and (ii) adults with assessment of treatment response (preapplication/postapplication) using standard, validated, and internationally recognised instruments, such as HAMD-17.""",19,"""We defined high, low, and extremely low doses of the included psychedelics as follows: (i) psilocybin: high dose (?20 mg), extremely low dose (1–3 mg), low dose (other range); and (ii) MDMA: high dose (?100 mg), extremely low dose (?40 mg), low dose (other range).

In previous clinical trials, a dose of 1 mg of psilocybin or a dose range of 1–3 mg/70 kg were used as an active control because these doses were believed not to produce significant psychedelic effects. A dose of 5 mg/70 kg can produce noticeable psychedelic effects. In many two-arm psilocybin trials, the psilocybin dose in the active group typically falls within the range of 20–30 mg.

Therefore, we used 20 mg and 3 mg as the boundaries for grouping psilocybin doses; when the dosage was calculated per kilogram in the study, we converted it to per 70 kg.

For MDMA, in two trials with three arms, 125 mg was defined as high dose, and 30–40 mg was defined as active control. Thus, we used 100 mg and 40 mg as the boundaries for grouping MDMA doses.""",Yes — explicit. Authors justified categorical dose cut-points using prior clinical trial definitions of active control and clinically meaningful effects.,Primary,"""We conducted random effects network meta-analysis and meta-analysis within a Bayesian framework. Previous meta-analyses considered all control groups as a common comparator; however, concerns have been raised regarding the overestimated effect sizes of psychedelics because of unsuccessful blinding and poor placebo response. Therefore, we treated the three treatments as distinct interventions: the placebo response observed in psychedelic trials, the placebo response observed in antidepressant escitalopram trials, and extremely low dose psychedelics (ie, psilocybin and MDMA). We calculated the relative effects of all interventions compared with these three groups, indicating the following three conditions: (1) the treatment response of placebo response in the psychedelic trials is assumed to be lower than that of placebo response in antidepressant trials because of unsuccessful blinding. As such, the relative effects compared with placebo response in the psychedelic trials represented potential overestimated effect sizes. (2) the placebo response in antidepressant trials is assumed to be the placebo response in antidepressant trials with adequate blinding, therefore, the relative effects compared with placebo response in antidepressant trials represents effect sizes in trials with adequate blinding. (3) Psychedelic drugs are usually administered with psychotherapy or psychological support, the relative effects of psychedelics compared with extremely low dose psychedelics might eliminate the concomitant effects from psychotherapeutic support, approximating so-called pure pharmacological effects.... The network meta-analysis and pairwise meta-analysis within a Bayesian framework were fitted using the Bayesian statistical software called Stan within the R packages multinma and brms respectively. The frequentist random effects network meta-analysis, funnel plots, and tests for funnel plot asymmetry were conducted using the R package netmeta. Reasons for protocol changes are in appendix 5. ""","Treated as separate nodes, categories","R - brms, multinma","""Two authors independently used the Cochrane randomised trial risk of bias tool (version 2.0) to assess the risk of bias in the included trials, and discrepancies were resolved by consensus.""",None,"""The certainty of evidence produced by the network meta-analysis was evaluated using GRADE (Grading of recommendations, assessment, development and evaluation).""",Yes - Network plot provided,"""The back calculation methods for all the models (appendix 6) did not show any inconsistencies. The node splitting methods also did not show any inconsistencies (appendix 7).""","""We assessed the transitivity assumption by comparing the distribution of potential effect modifiers across treatment comparisons. In addition, we assessed whether the efficacy of escitalopram is similar in placebo controlled randomised controlled trials (escitalopram v placebo response in antidepressant trials) and in the head-to-head randomised controlled trial (psilocybin v escitalopram) using network meta-analysis. Furthermore, we assessed the efficacy of the different placebo responses (placebo response in the psychedelic trials v placebo response in antidepressant trials) as additional proof of transitivity. If the placebo response in antidepressant trials was better than that in the psychedelic trials, the transitivity assumption did not hold when grouping placebo response in antidepressant trials and placebo response in the psychedelic trials together""",,None,Yes,No,Yes,Bayesian
Kishi et al.,6,10.1002/npr2.12414,PubMed,2024,"Comparison of brexpiprazole, aripiprazole, and placebo for Japanese major depressive disorder: A systematic review and network meta-analysis",P ,rexpiprazole (BRE) and ari-piprazole (ARI),Montgomery–Ĺsberg Depression Rating Scale (MADRS) scores,"Japanese MDD: ""The inclusion criteria for studies were (1) published and unpublished, double-blind, randomized, placebo-controlled trials of BRE or ARI as an adjunctive treatment for Japanese patients with AR-MDD; (2) studies in which at least 70% of the participants were Japanese. The exclusion criteria were (1) open-label studies; (2) studies in which there was a high risk of selection bias according to the Risk of Bias 2 tool17; (3) studies that included child/adolescent participants; (4) studies that included individuals with a dual diagnosis of MDD and another disorder such as substance use disorder; (5) studies that allowed the use of antipsychotics as a rescue medication during the trial; (6) studies that terminated early with no efficacy analysis.""",3,"""The final mean doses of the ARI-F arm in the 2013 ARI study and the 2018 ARI study were 9.8 mg/day and 6.3 mg/day, respectively (the final mean dose of both ARI-F arms was 8.0 mg/day)""","No explicit justification. Authors report actual doses and provide population/pharmacologic context, but do not justify choice of dose categorization or modeling in the analysis.",Secondary,"""The primary network meta-analysis compared the outcomes of BRE and ARI. For studies with two or more treatment arms of the same drug at different doses, data from the treatment arms were pooled for analysis so there were three treatment arms: BRE, ARI, and the placebo. In the secondary meta-analysis, the drugs were divided by dose so there were five treatment arms: BRE1, BRE2, ARI 3 mg/day (ARI3), ARI flexible dose (ARI-F), and the placebo. The results were incorporated into the Confidence in Network Meta-Analysis (CINeMA) application, which is an adaptation of the Grading of Recommendations Assessment, Development, and Evaluation approach, to assess the credibility of the findings of each of the network meta-analyses.""","Treated as separate nodes, fixed arms",Unclear,Risk of Bias 2 tool,"""Heterogeneity and inconsistency were evaluated""",CINeMA,"Plot for lumped doses, NOT for split doses","""Because the number of studies and participants was small, we could not sufficiently evaluate the heterogeneity and inconsistency.""","""The assumption of transitivity was evaluated by extracting potential effect modifiers (sample size, proportion of males, proportion of participants with recurrent episodes, and baseline MADRS score). The distributions of these were compared across the comparisons in the network.""",None,None,No,No,Yes,Frequentist
Li et al.,7,10.1007/s00421-024-05688-9,PubMed,2024,Optimal intensity and dose of exercise to improve university students’ mental health: a systematic review and network meta-analysis of 48 randomized controlled trials,NP,"Exercise intensity: very light, light, moderat, vigorous, no exercise or slight stretching", Beck Depression Scale (BDI) (Beck et al. 1988b) Profile of mood states (POMS) (Shacham 1983) and the Symptom Self-Rating Scale (SCL-90) (Derogatis et al. 1973),"University students: ""Studies were eligible if they (1) were RCTs; (2) experimental subjects were students enrolled in colleges and universities, including undergraduate, graduate and postgraduate students; (3) compared an experimental group receiving a structured program of exercise training for at least 2 weeks; (4) comparator: no exercise or slight stretching; and (5) assessed depression, anxiety and stress before and after exercise intervention, with no restrictions on measurement methods. Studies were excluded if they (1) were duplicate publications, master's or doctoral dissertations, were literature review papers, were letters to the editor, had abstracts published in conference proceedings, reported acute effects of a single exercise session, and were animal model studies; or (2) were exercise interventions mixed with other interventions""",36,"Exercise dosage was analyzed by calculating weekly energy expenditure (MET-min/week). Exercise intensity was evaluated via physiological indicators (HR, HRR, VO?max) or the classification table of exercise intensity. Energy expenditure per minute was multiplied by session duration and sessions/week to calculate weekly dose. If no metrics were given, exercise type was compared with the 2024 Adult Compendium of Physical Activities to calculate energy expenditure per minute, then multiplied by session duration and sessions/week.","Calculation method is explicit; however, the authors did not justify why dose was modeled as continuous rather than categorized.",Primary,"""STATA 16.0 software was used to perform a random-effects multivariate NMA for pooled estimates and 95% CI within a frequentist framework (Salanti 2012) following the current PRISMA NMA guidelines (Hutton et al. 2015). The relationship between each exercise intensity was represented by a network graph in which the lines connecting the nodes represent direct head-to-head comparisons between interventions, with the size of each node and the thickness of each line connecting the nodes being proportional to the number of subjects per group and the number"""," Separate MBNMA to evaluate dose response : ""The dose-response relationship between exercise and depression was analyzed via a random effects Bayesian model-based NMA (MBNMA). The key assumptions of MBNMA are proven to be valid by performing validation of network transitivity, data consistency and network connectivity""",R - MBNMAdose,Cochrane Risk of Bias Tool,"""The I2 statistics was used to test the heterogeneity of the studies. Studies with an I2 of 50% or more were considered to have high heterogeneity (Higgins and Thompson 2002).""","""We assessed the certainty of evidence contributing to the network estimates of the outcomes with the Grading of Recommendations Assessment, Development, and Evaluation (GRADE) framework.""","""The key assumptions of MBNMA are proven to be valid by performing validation of network transitivity (Higgins et al. 2012), data consistency (Wheeler et al. 2010) and network connectivity (Ter Veer et al. 2019) (ESM). Because of the inconsistency of the scales used to measure depression across studies, we used the SMD to indicate the size of deficits and the 95% CI to assess reliability.""","""The key assumptions of MBNMA are proven to be valid by performing validation of network transitivity (Higgins et al. 2012), data consistency (Wheeler et al. 2010) and network connectivity (Ter Veer et al. 2019) (ESM). Because of the inconsistency of the scales used to measure depression across studies, we used the SMD to indicate the size of deficits and the 95% CI to assess reliability.""","""The key assumptions of MBNMA are proven to be valid by performing validation of network transitivity (Higgins et al. 2012), data consistency (Wheeler et al. 2010) and network connectivity (Ter Veer et al. 2019) (ESM). Because of the inconsistency of the scales used to measure depression across studies, we used the SMD to indicate the size of deficits and the 95% CI to assess reliability.""","""The quadratic function model showed the best ft in all the cases and was used to assess the nonlinear dose–response relationship (ESM).""",None,Yes,Yes,No,Bayesian
Luo et al.,8,10.1186/s12888-020-02656-3,PubMed,2020,"High-dose omega-3 polyunsaturated fatty
acid supplementation might be more
superior than low-dose for major
depressive disorder in early therapy period:
a network meta-analysis",P ,n-3 PUFA supplementation,Score of depressive symptoms in early therapy period of the treatment (?9?weeks),"MDD: Inclusion criteria ""(1) Studies designed as RCT. (2) Adult (?18 years) eligible patients of MDD were all diagnosed according to the Diagnostic and Statistical Manual IV. Exclusion criteria (1) trials specifically studied perinatal or perimenopausal MDD, (2) trials included MDD patients with comorbidity, (3) outcome data were unable to be obtained from the literature or by contacting the authors.""",10,"""Based on the guidelines of International Society for Nutritional Psychiatry Research Practice (ISNPRP), a dose of EPA net content of 1000–2000 mg/day is recommended for major depressive disorder. EPA or (and) DHA greater than or equal to 2000 mg/day was included in the high dose n-3 PUFAs subgroup, otherwise included in the low-dose n-3 PUFAs subgroup in this analysis. Both the high- and low-dose n-3 PUFAs subgroup was compared with placebo subgroup""",Yes — explicit. Dose categories defined based on published ISNPRP guidelines for clinical depression.,Primary,"""Bayesian network meta-analysis was conducted by using the Markov chain Monte Carlo method in the R software (version 3.6.1)""","Single treatment, doses treated as separate nodes, categorized","R, unclear","""Risk of bias for individual and across the included RCTs were assessed by the Cochrane Risk of Bias assessment tool in RevMan software (version 5.3). Publication bias was investigated using Egger's regression and Trim-and-Fill method for each subgroup in the STATA software (version 15).""","""The judgment of heterogeneity refers to the results of the I2 statistic and P statistic of the Q test. Statistical heterogeneity exists when I2 statistic is more than 50%, or when P statistic less than 0.1 and I2 more than 25% at the same time. Sensitivity analyses were carried out for each subgroup using the STATA software (version 15). Network meta-regression were performed using the R software (version 3.6.1) with covariates of the publication year, DHA dose, time for treatment, baseline severity in the Bayesian framework.""",None,Yes - Network plot provided,None,None,N/A,None,Yes,No,Yes,Bayesian
Noetel et al.,9,10.1136/bmj-2023-075847,UA Libraries,2024,Effect of exercise for depression: systematic review and network meta-analysis of randomised controlled trials,Both,"Dance, Walking or jogging, Cognitive behavioural therapy, Yoga, Exercise + SSRI, Aerobic exercise + therapy, Strength, Relaxation, Mixed aerobic exercises, Tai chi or qigong, Aerobic exercise + strength, Cycling, SSRI, Physical activity counselling","""scales (e.g., Beck Depression Inventory, Hamilton Depression Rating Scale) using an internal reference standard for each scale (for each scale, the average of pooled standard deviations at baseline)""","MDD: ""To be eligible for inclusion, studies had to be randomised controlled trials that included exercise as a treatment for depression and included participants who met the criteria for major depressive disorder, either clinician diagnosed or identified through participant self-report as exceeding established clinical thresholds (eg, scored >13 on the Beck depression inventory-II).36 Studies could meet these criteria when all the participants had depression or when the study reported depression outcomes for a subgroup of participants with depression at the start of the study""",218,"""We calculated the energy expenditure dose of exercise for each arm as metabolic equivalents of task (METs) min/week"" -- continuous","Dose calculated as METs-min/week (continuous); however, the authors did not justify why dose was treated as continuous rather than categorized.",Primary,"""For main and moderation analyses, we used bayesian arm based multilevel network meta-analysis models. All network meta-analytical approaches allow users to assess the effects of treatments against a range of comparisons. The bayesian arm based models allowed us to also assess the influence of hypothesised moderators, such as intensity, dose, age, and sex. Many network meta-analyses use contrast based methods, comparing post-test scores between study arms. Arm based meta-analyses instead describe the population-averaged absolute effect size for each treatment arm (ie, each arm's change score). As a result, the summary measure we used was the standardised mean change from baseline, calculated as standardised mean differences with correction for small studies (Hedges' g). In keeping with the norms from the included studies, effect sizes describe treatment effects on depression, such that larger negative numbers represent stronger effects on symptoms""",Arm based multilevel NMA with meta-regression; moderation analysis on intensity (“dose”),R - netmeta,Cochrane's risk of bias tool for randomised controlled trials.,"""Heterogeneity—Prediction intervals account for heterogeneity differently from credible intervals. As a result, CINeMA accounts for heterogeneity by assessing whether the prediction intervals and the credible intervals lead to different conclusions about clinical significance (using the same zone of equivalence from imprecision). Comparisons are flagged as some concerns if the prediction interval crosses into, or out of, the zone of equivalence once (e.g., from helpful to no meaningful effect), and as major concerns if the prediction interval crosses the zone twice (e.g., from helpful and harmful).""","""Certainty ratings for all treatments arms were downgraded owing to high risk of bias in the studies informing the comparison""",Yes - Network plot provided,None,"""As preregistered, we removed nodes with fewer than 100 participants. Using this filter, most interventions contained comparisons with at least four other nodes in the network geometry (fig 2). The results of the global test design-by-treatment interaction model were not statistically significant, supporting the assumption of transitivity (?2=94.92, df=75, P=0.06). When net-splitting was used on all possible combinations in the network, for two out of the 120 comparisons we found statistically significant incoherence between direct and indirect evidence (SSRI v waitlist control; cognitive behavioural therapy v tai chi or qigong). Overall, we found little statistical evidence that the model violated the assumption of transitivity.""",None,None,Yes,Yes,Yes,Bayesian
Rink et al.,10,10.1159/000520554,UA Libraries,2022,"Dose-Response Relationship in Selective
Serotonin and Norepinephrine Reuptake
Inhibitors in the Treatment of Major Depressive
Disorder: A Meta-Analysis and Network Meta-
Analysis of Randomized Controlled Trials",P ,SNRI doses,"(1) HDRS (Hamilton Depression Rating Scale) [15], (2) MADRS (Montgomery-Asberg Depression Rating Scale) [16], (3) BRMS (Bech-Rafaelsen Melancholia Rating Scale) [20], (4) other scales","IInclusion Criteria: ""? RCTs randomizing patients to at least two different doses of SNRI monotherapy; ? Patients diagnosed with major depressive disorder according to established diagnostic criteria, such as ICD [13], or DSM [14]; ? Documentation of treatment success or failure based on established scales, e.g., Hamilton Depression. Rating Scale (HDRS-17 or higher) [15], or Montgomery-Asberg Scale for Depression (MADRS) [16]. Exclusion Criteria ? Different doses that were not investigated in parallel groups of different patients but consecutively in the same group of patients, as in schemes with one dose as the second step, another as the third step of antidepressant treatment algorithms; ? Dose increase after non-response if resulting in different durations of exposure to a dosage: for example, one arm dose increase, one arm continuation; ? Studies on secondary depressive syndromes, e.g., post-stroke depression; ? Parallel treatment with another antidepressant or augmentation therapy in the same study arm; ? Less than 3 weeks of active treatment.""",26,"""Doses were classified as high, medium, and low according to manufacturers' product monographs and analyses at the level of SNRIs as a group and for single substances, accompanied by sensitivity network meta-analyses""",Partial / pragmatic. Dose categories defined using manufacturer product monographs; no explicit justification for choice of categories as an analytic strategy.,Sensitivity,"""An NMA was carried out as an a priori planned sensitivity analysis of the comparison of low, medium, and high levels of SNRIs doses. The NMA aimed at utilizing all published comparisons of different doses of SNRIs, directly and indirectly, and included placebo arms as the third comparator. Combining sufficiently similar data, we used the frequentist weighted least squares approach and random effects meta-analyses.""","Treated as separate nodes, categorized",Unclear,"""To assess each study's risk of bias we applied the Cochrane Collaboration tool for assessing risk of bias. Studies were evaluated by 2 authors independently (L.R., C.Br.). At least five out of seven domains of the tool needed to be graded ""low"" to consider a study as carrying a low risk of bias""","""I2 statistic as a measure of heterogeneity""",None,None,"""With 14 studies in the network and little inconsistency, high versus medium and medium versus low dose level contrasts
stayed in the same range….""",None,N/A,None,No,No,Yes,Frequentist
Swieczkowski et al. (a),11,10.1016/j.psychres.2024.116337,UA Libraries,2025,Efficacy and safety of psilocybin in the treatment of Major Depressive Disorder (MDD): A dose-response network meta-analysis of randomized placebo-controlled clinical trials,P ,Doses of psilocybin,MADRS,"MDD: ""A specific population (P), intervention (I), comparator (C), outcome (O), and study design (S) (PICOS) framework was used to define study eligibility: P: adult patients with MDD; I: treatment with psilocybin; C: placebo; O: changes in MADRS score at Day 2, 8 and Day 15 and adverse events occurrence; S: randomized controlled trials. We excluded (1) studies without a comparator group; (2) conference papers, editorials, reviews, letters, or duplicated publications; (3) non-randomized controlled trials.""",3,"10mg, 25mg, 0.215 mg/kg",No explicit justification. Specific doses treated as separate nodes in the NMA; no rationale provided for choice of dose levels or why these doses were analyzed discretely.,Primary,"""Secondly, due to a limited number of trials directly comparing different psilocybin doses on the treatment of MDD, a network meta-analysis (NMA) was performed using R 4.3.3 (R Foundation for Statistical Computing, Vienna, Austria) to compare all the treatment options indirectly. An NMA was performed using ""multinma"", ""gemtc"" and ""jags"" packages.""","Single treatment, doses treated as separate nodes, fixed arms","R - multinma, gemtc, jags","""The quality of the included studies was independently evaluated by two co-authors (ZG and DS) and any inconsistencies resolved through discussion with a third author (LS). For RCTs, the revised Cochrane Risk of Bias (ROB2) tool was used (Sterne et al., 2019). To visualize the risk of bias assessments, we used the RobVis application (McGuinness and Higgins, 2021).""","""Heterogeneity among studies assessed by the I2 index and the ?2 test""",None,None,None,None,N/A,None,Yes,No,Yes,Bayesian
Swieczkowski et al. (b),12,10.1177/00912174251337572,UA Libraries,2025,Psilocybin-assisted psychotherapy as a rapid-acting treatment for cancer-related depression and anxiety: Evidence from a network meta-analysis,P ,Doses of psilocybin,Beck Depression Inventory score,"Cancer patients: ""Exclusion criteria included: (1) studies involving patients under 18 years old; (2)
multiple reports from the same data set (only the original research studies were included
to prevent duplication of the data set); (3) studies lacking complete required data; (4)
study designs not compliant with the requirements.""",2,0.2 and 0.3 mg/kg,No explicit justification. Interventions/doses treated as separate nodes in the NMA; no rationale provided for choice of dose levels or why these doses were analyzed discretely.,Primary,"""Then, we used R 4.3.3 (R Foundation for Statistical Computing, Vienna, Austria) for network meta-analysis for both the network evidence plot and analysis. Continuous data were analyzed as mean difference (MD) with 95% confidence intervals (CI). The heterogeneity was assessed by the I2 test and rated as none (0%), low (<25%), moderate (25%–50%), or high (>50%). A P-value <0.05 was considered statistically significant. An NMA was performed using ""multinma"", ""gemtc"" and ""jags"" packages.""","Single treatment, doses treated as separate nodes, fixed arms","R - multinma, gemtc, jags",Cochrane Risk of Bias Tool 2.0,"""The heterogeneity was assessed by the I2 test and rated as none (0%), low (<25%), moderate (25%–50%), or high (>50%).""","""Two reviewers independently assessed the validity of eligible studies using the
Cochrane Risk of Bias Tool 2.0 for randomized controlled trials (RoB2 tool) to ascertain
the validity of eligible studies.20 This tool includes 7 items (random sequence
generation, allocation concealment, blinding of participants and personnel, blinding of
outcome assessors, incomplete outcome data, selective reporting, and other biases) in
6 domains. Each item was rated as low, high, or unclear risk of bias. Disagreements
were resolved through team discussions. The risk of bias assessments was visualized
using the RobVis application.21""",None,None,None,N/A,,No,No,No,Bayesian
Tang et al.,13,10.1186/s12877-024-05118-7,UA Libraries,2024,Optimal dose and type of exercise to improve depressive symptoms in older adults: a systematic review and network meta-analysis,NP,"Aerobic exercise (AE), mixed physical activity (Mix), qigong, resistance training (RT), tai chi (TC), walking, and yoga","Depressive Symptoms, various scales, majority 15-item Geriatric Depression Scale","Older adults: ""(1) the participants were diagnosed with clinical depression at baseline according to a structured diagnostic interview, and the mean age ? 60 years; (2) the exercises were divided into 7 types according to their content; (3) the control group (CON) included non-intervention, regular daily activities, waitlist, health education or usual care. Besides, for head-to-head studies, the comparator may be any of the 7 exercise types; (4) studies should include the outcome measures of interest: depressive symptoms; (5) in the study design, we included published RCTs (individual design, cluster design, or the first half of crossover).""",47,"""Finally, interventions were coded at the intersection of specific type and dose—defined as the energy expenditure (i.e., Metabolic Equivalent of Task, MET) that results from the product of the duration, frequency, and intensity of a certain type of exercise; and expressed as METs-min per week. For example, 750 METs-min per week of AE. In order to better promote the connectivity of the network, we performed an approximate value of 0 (CON), 250, 500, 750, 1000, or 1200 METs-min per week for the exercise dose, which has been adopted in previous studies, and which is a necessary step for the network meta-analysis""",Yes — explicit. Dose calculated from duration × frequency × intensity; discretization justified to improve network connectivity in the NMA.,Primary,"""A network plot was drawn using Stata (release 14, StataCorp LLC, TX, USA) to present the geometry of the network of comparisons across trials to ensure the network meta-analyses were feasible. Based on the R statistical environment (V.4.2.2, www.r-project.org), we used the gemtc and rjags packages to perform Bayesian network meta-analyses to compare the effects of different exercises because it calculates the posterior distribution of the parameters using the data to update prior information and is more common than frequentist approaches. Markov chains were used to generate samples. Model convergence was assessed using the Brooks-Gelman-Rubin plots method. The effect sizes measure chooses the standardized mean difference (SMD) of the change score (endpoint minus baseline score) because the studies use different rating scales or units of the outcome, and 95% credible intervals (CrI) were used to assess the credibility of our estimates. A random-effects model was used to combine data, and the surface under the curved cumulative ranking probabilities (SUCRA) was used to rank the treatments. The transitivity assumption was evaluated by comparing the distribution of potential effect modifiers (the publication year, mean age, sample size, percentage female, exercise period, and exercise dose (METs-min/week)) among studies grouped by comparison (Supplementary File 2). Besides, we evaluated the robustness of the treatment effects for the outcomes in the network meta-regression through the publication year, mean age, sample size, percentage female, exercise period, and exercise dose (METs-min/week). We used the tau square (?2) test and I2 to analyze the statistical heterogeneity between the studies. We evaluated consistency statistically using the design-by-treatment test and by separating indirect from direct evidence (SIDE test) using the R netmeta package. We compared the adjusted funnel plot to assess the risk of publication bias under specific circumstances, and Egger's test suggestive of publication bias when p < 0.05."""," Separate MBNMA to evaluate dose response : ""The MBNMAdose package based on R statistical environment (V.4.2.2, www.r- proje ct. org) was used to perform random-effects Bayesian Model-Based Network Meta-Analysis (MBNMA)[36] to summarize the dose–response association between exercises dose and depressive symptoms.""",R - MBNMAdose,"""Three reviewers assessed and rated the studies according to the Physiotherapy Evidence Database (PEDro) scale, based on the list of Delphi. The PEDro scale includes 11 items with three items from the Jadad scale and nine items from the Delphi list. Interrater reliability was shown to be fair to good (Intraclass Correlation Coefficient = 0.68). We examined the confidence of evidence using the CINeMA (Confidence of Network Meta-Analysis) web application, which allows the confidence of the results to be graded as (high), (moderate), (low), and (very low)""","""We used the tau square (?2) test and I2 to analyze the statistical heterogeneity between the studies.""",CINeMA,"""By drawing treatment-level and agent-level network plots, we verified that the connectivity in this study (Supplementary File 8, Fig. 8.1–2). We analyzed the data with the consistency model and the unrelated mean effect model, and compared the differences in the deviation, the number of estimated parameters in the network, and the Deviance Informative Criterion (DIC) indicators of the two models. If these are similar, it means that our research has good consistency.""","""We evaluated consistency statistically using the design-by-treatment test [33] and by separating indirect from direct evidence (SIDE test) [34] using the R netmeta package.""","""The transitivity assumption was evaluated by comparing the distribution of potential effect modifiers (the publication year, mean age, sample size, percentage female, exercise period, and exercise dose (METs-min/week)) among studies grouped by comparison (Supplementary File 2).""","""Departure from linearity was assessed using a Wald test.""","""We derived and compared different fit indices and corresponding deviance plots across all estimated models. Restricted cubic splines yielded the best fit in all cases and were therefore used to assess the non-linear dose-response associations (Supplementary File 9, Table 9.1). According to the model with the best fit and biological plausibility, we placed three knots at the 10th, 50th and 90th percentile of the treatment dose. Departure from linearity was assessed using a Wald test""",Drawn using STATA,Yes,Yes,Bayesian
Tarchi et al,14,10.1007/s40263-024-01125-9,UA Libraries,2024,Efficacy of Cariprazine in the Psychosis Spectrum: A Systematic Review and Network Meta-Analysis of Randomised Controlled Trials in Schizophrenia and Bipolar Disorder,P ,Cariprazine,MADRS,"Schizophrenia or bipolar: ""(1) enrolled patients with either a diagnosis of schizophrenia, schizoaffective disorder or bipolar disorder—irrespective of acute psychotic feature, according to DSM-IV, DSM-IV-TR, DSM-5, DSM-5-TR, ICD-9, ICD-10 or ICD-11; (2) evaluating at least one psychometric domain between depression, mania, anxiety, psychotic symptoms (either positive, negative, or general) and general clinical severity; (3) comparing cariprazine with either a different dosage of cariprazine versus placebo or two different dosages of cariprazine. Exclusion criteria were as follows: (1) the article being a systematic review, a meta-analysis or an opinion article; (2) animal studies; (3) methodological or technical contributions with no analysis of clinical data. The following data were extracted from selected articles: study description, drug dosage, comparator, psychometric instrument used duration of treatment.""",12,"Low—up to 1.5 mg daily, medium—up to 3 mg daily, high—more than 3 mg daily",Partial / pragmatic. Dose categories defined with numeric cut-points; no explicit justification for why these thresholds were chosen for analysis.,Primary,"""If at least one observation for each dose category was retrieved, a network meta-analysis was also performed, to compare these interventions. The network meta-analysis was conducted following Cochrane guidelines. Multiple interventions (categories of drug dosage) were then ranked according to available evidence, according to the degree of effect (from highest to lowest) estimated using the surface under the cumulative ranking (SUCRA) with n simulations = 10,000""","Treated as separate nodes, categorized","R - meta, netmeta,
metafor, PRISMA2020,  tidyverse","""Two authors (L.T., S.B.) independently assessed risk of bias for individual papers using the RoB2""","""A large heterogeneity between studies was found when meta-analysing effect sizes by outcomes (i.e. I2 > 25%)""",None,None,None,None,N/A,None,No,No,Yes,Frequentist
Terao et al.,15,10.1097/JCP.0000000000001862,UA Libraries,2024,Comparative Efficacy of Dopamine Partial Agonists by Doses for Treatment-Resistant Depression : A Systematic Review and Dose-Response Model-Based Network Meta-analysis,P ,Dopamine partial agonist doses,Depression Rating Scales,"TRD: ""Only studies that assessed the antidepressant effects of acute treatment as the primary outcome were included. Studies with small sample sizes and no more than 20 subjects assigned to each treatment arm were excluded. Patients who did not respond to 1 or more antidepressant treatments at a sufficient dose for a sufficient duration were defined as having TRD.""",16," Included flexible-dose trials reporting mean or median dose administered; excluded trials reporting only dose range to better elucidate dose-response relationships; 5, 7, 7 arms respectively for 3 different drugs, fixed arms in mgs.",Yes — explicit. Inclusion/exclusion criteria justified based on need for accurate dose information to perform dose-response analysis.,Primary,"""A random-effects Bayesian DRNMA was performed. The default ambiguous prior distribution was set and the posterior distribution was estimated using MCMC (Markov chain Monte Carlo) methods under the following conditions: the likelihood was set to ""normal"" and the link function was set to ""smd."" We set the number of Markov chains to 3 and the number of iterations to 20,000, and removed the first 10,000 iterations as burn-in."""," Separate MBNMA to evaluate dose response : ""A random-effects Bayesian DRNMA was performed. The default ambiguous prior distribution was set and the posterior distribution was estimated using MCMC (Markov chainMonte Carlo) methods under the following conditions: the likelihood was set to “normal” and the link function was set to “smd.”We set the number of Markov chains to 3 and the number of iterations to 20,000, and removed the first 10,000 iterations as burn-in.""",R - MBNMAdose,"""We evaluated the risk of bias, inconsistency, indirectness, and imprecision according to the GRADE approach for all comparisons shown in Table S2 and judged them all to be “not serious” and considered the evidence to be highly reliable. Publication bias was not assessed because asymmetry could not be detected in the funnel plots due to the small number of studies.""",None,"""We evaluated the risk of bias, inconsistency, indirectness, and imprecision according to the GRADE approach for all comparisons and judged them all to be ""not serious"" and considered the evidence to be highly reliable. Publication bias was not assessed because asymmetry could not be detected in the funnel plots due to the small number of studies.""","""First, the network connectivity of eligible treatment arms was assessed""","""DRNMA, pD = 26.5, DIC = 90.8, suggesting good global consistency, and the dose-response relationships used in this study were compatible. In the DRNMA model, no significant local inconsistency was detected in the node-splitting analysis.""",None,"""NMA was performed to visually confirm that the change in effect with dose was nonlinear and reasonable to fit a restricted cubic spline.""","""We assessed the global and local inconsistencies. The deviance contributions (deviance information criterion) of the DRNMA and NMA models were compared to test the extent to which the assumed dose-response relationship fits the DRNMA model, and the NMA and unrelated mean effect (UME) models, in which consistency relationships are not assumed, were compared to judge global inconsistency. Moreover, we tested for local inconsistencies by using a node-splitting method.""",Yes,Yes,No,Bayesian
Tian et al. (a),16,10.1111/aphw.12573,UA Libraries,2024,"Optimal modalities and doses of mind–body
exercise for depressive symptoms in adults: A
systematic review of paired analyses, network
analyses and dose–response meta-analyses",NP,"Mind exercise: yoga, tai chi, qigong",Depressive Symptoms: Beck depressive inventory,"Adults with and without depressive symptoms: ""1. Participants: adults (?18 years) diagnosed with and without depressive symptoms. 2. Interventions: the research should provide comparisons between various modalities or intensities of mind–body exercises, or contrast exercise interventions with control cohorts. For this investigation, three distinct types of mind–body exercises are identified: yoga, aiming for harmony among body, mind and spirit, and Tai Chi and qigong, both recognized as traditional Chinese techniques for self-care. Notably, exercise interventions typically require a span of at least four weeks to realize consistent therapeutic effects, due to the initial adaptation phase among participants and the emergence of enduring physiological adaptations (Kamper et al., 2016). Exercise types are described in Supplementary file 1. 3. Comparisons: the studies comprised of pairwise comparisons of various exercise interventions, comparisons of a single exercise intervention at varying intensities, or comparisons of exercise interventions with a control group. The control group was categorized as an inert treatment that did not improve depressive symptoms, which included usual care, waitlist list or counselling education groups. 4. Outcomes: the study outcomes should include scales explicitly designed to detect depressive tendencies or psychometric measures with a depression component. 5. Study design: the study must be a randomized controlled trial.""",40,"""To simplify the network analysis and the dose–response relationship, we segmented the weekly METs-min into five different brackets: 0, 300, 600, 900 and 1,200 METs-min per week (Higgins et al., 2012). It is important to note that in the absence of specific details on exercise interventions, our choices are limited to generic codes corresponding to each exercise type in the adult physical activity compendium.""",Yes — explicit. Discretization justified to simplify network analysis and dose–response assessment; generic codes used when study details were missing.,Primary,"""The assumption of study transferability was first assessed by examining the intervention characteristics of the study and the baseline information of the participants in order to facilitate subsequent analyses (Efthimiou et al., 2016). To improve the precision of the estimation of comparisons between different exercise interventions, we performed an NMA of the included direct and indirect evidence. We then plotted the network plot, provided a preliminary summary of the included studies and conducted a random effects frequency network meta-analysis (Harrer et al., 2021). We constructed rankings to show the relative effectiveness of different exercises for depressive symptoms, and we used P-scores to rank the therapeutic effects of the exercises (Rücker & Schwarzer, 2015). These scores span from 0 to 1; a greater P-score signifies enhanced alleviation of depressive symptoms with physical activity. To gauge the heterogeneity across the network, we employed both ?2 and I2 statistical measures. Visualization of this heterogeneity was achieved through the incorporation of prediction intervals in every forest plot. Network inconsistency was evaluated using a node-splitting technique, while the ""design-by-treatment"" model facilitated the assessment of network consistency (Dias et al., 2010; Higgins et al., 2012)."""," Separate MBNMA to evaluate dose response :""Utilizing the random-effects Bayesian model-based network meta-analysis (MBNMA), we aimed to discern the dose-response association between mind exercise and its impact on symptoms of depressive symptoms. Our initial step was to confirm the assumptions of transitivity, consistency and network connectivity, in line with MBNMA principles. Considering the various metrics in play for gauging depressive symptomatology, we resorted to Hedges' g standardised mean difference (SMD) coupled with 95% credible intervals (CrI) to represent the effect sizes and their credibility. Among the diverse dose-response functions recommended for the model (like Emax, restricted cubic splines and non-parametric), it was the quadratic function that exhibited superior fit across all evaluation metrics, such as the Deviance Information Criterion (DIC), between-study standard deviation, model parameters and residual deviance. The efficacy of quadratic random-effects models in capturing nonlinear relationships is notable, especially in time- and dose-dependent scenarios. We leveraged the Beta coefficient from this quadratic model to pinpoint the exercise dose that yielded a significant alteration in depressive symptoms, subsequently ranking exercise modalities and dose based on their propensity to induce symptom changes. To implement the MBNMA and dose-response evaluations, the ""MBNMAdose"" package for R (version 4.3.1) was our tool of choice. For crafting the dose-response curves and ensuring optimal visual representation, we employed the ""ggplot2"" package.""",R - MBNMAdose,"""To assess the risk of bias in randomized clinical trials, two independent researchers (Sd-T and Zd-L) used the updated Cochrane Risk of Bias Tool for Randomized Trials (RoB-2) (Sterne et al., 2019). This tool is structured around five domains and provides an overall assessment categorized as 'low', 'some concerns' or 'high risk' of bias.""","""To gauge the heterogeneity across the network, we employed both ?2 and I2 statistical measures (GRADE)""","""Using the Grading of Recommendations, Assessment, Development, and Evaluations (GRADE) methodology, two independent (Sd-T and Zd-L) evaluators assessed the certainty of evidence across five criteria: bias risk, precision, consistency, relevance and potential for publication bias. For randomized controlled trials, evidence certainty typically commences at a high level but can be adjusted to moderate, low or very low based on these assessments (Salanti et al., 2014).""","""Our initial step was to confirm the assumptions of transitivity (Higgins et al., 2012), consistency (Wheeler et al., 2010) and network connectivity (Supplementary file 6.1)""","""Our initial step was to confirm the assumptions of transitivity (Higgins et al., 2012), consistency (Wheeler et al., 2010) and network connectivity (Supplementary file 6.1)""","""Our initial step was to confirm the assumptions of transitivity (Higgins et al., 2012), consistency (Wheeler et al., 2010) and network connectivity (Supplementary file 6.1).""","The efficacy of quadratic random-effects models in capturing nonlinear relationships is notable, especially in time- and dose-dependent scenarios. We leveraged the Beta coefficient from this quadratic model to pinpoint the exercise dose that yielded a significant alteration in depressive symptoms, subsequently ranking exercise modalities and dose based on their propensity to induce symptom changes (Mawdsley et al., 2016).""","""Among the diverse dose-response functions recommended for the model (like Emax, restricted cubic splines and non-parametric), it was the quadratic function that exhibited superior fit across all evaluation metrics, such as the Deviance Information Criterion (DIC), between-study standard deviation, model parameters and residual deviance (Supplementary file 6.2.2)""",No,Yes,Yes,Bayesian
Tian et al. (b),17,10.1016/j.jpsychires.2024.06.031,UA Libraries,2024,Optimal exercise modality and dose to improve depressive symptoms in adults with major depressive disorder: A systematic review and Bayesian model-based network meta-analysis of RCTs,NP,"Four major types of exercise (aerobic, resistance, mixed, and mind-body)",Depressive Symptoms: Beck depressive inventory,"MDD: ""Randomized controlled trials that included participants aged 18 years or older with a diagnosis of major depressive disorder or a depressive symptom score above a threshold as determined by a validated screening measure, implemented one or more exercise therapy groups, and assessed depressive symptoms at baseline and follow-up""",46,"""We used the weekly exercise dose to calculate the dose-response relationship for a given exercise modality using the following formula: (metabolic equivalents of tasks, METs) × duration of a single exercise session × frequency per week. The result of multiplying the three is the exercise dose per week. For example, ""aerobic exercise"" is 600 METs-min per week. In addition, to ensure network connectivity, the approximate weekly METs-min for each intervention was estimated and classified into different categories: 0 (CON), 300, 600, 900, and 1200 METs-min/week.""",Yes — explicit. Continuous dose calculated with formula; discretization justified to maintain network connectivity in NMA.,Primary,"""For the network meta-analysis, the assumption of transitivity was a key underlying assumption (Efthimiou et al., 2016), and we tested this assumption by examining the distribution of possible effect modifiers in the treatment comparisons; possible effect modifiers included age and intervention length (Miller et al., 2020). Then we drew a network plot to preliminarily summarize the included studies. We performed a random effects frequency network meta-analysis (Harrer et al., 2021). Changes in depressive symptoms were estimated as standardized mean differences (SMD) and 95% confidence intervals (CI). We produced league tables and forest plots to represent the extent of exercise treatment for depressive symptoms. All forest plots were treated with a control group as a reference. We created leaderboards to show the comparative efficacy of all exercises for depression, and we used P-scores to rank the therapeutic effects of the exercises (Rücker and Schwarzer, 2015). The p-score is calculated for each treatment by averaging the probabilities that a treatment is better than all other treatments, weighted by the precision of the direct and indirect comparisons in the network (Chaimani et al., 2013). P-scores range from 0 to 1, with higher p-scores indicating better improvement in depression with exercise (Efthimiou et al., 2016). We assessed network heterogeneity using the ?2 and I2 statistics. To visualize the heterogeneity, we used prediction intervals in all forest plots. We used node-splitting approach to assess network inconsistency and ""design-by treatment"" model to assess network consistency (Dias et al., 2010; Higgins et al., 2012). We conducted subgroup analyses to explore the impact of relevant variables on the stability of the network analysis outcomes; variables of interest included age and total intervention duration. Finally, we perform sensitivity analysis, examining the impact of the most problematic studies on intervention outcomes. Network meta-analyses were performed using the ""netmeta"" package in the R software.""","Seperate MBNMA to evaluate dose response: ""We used the random-effects Bayesian model-based network meta-analysis (MBNMA) method to assess the dose-response relationship between exercise dose and depressive symptoms. Bayesian MBNMA allows for the incorporation of prior knowledge and the assessment of complex dose-response relationships, which are central to our analysis of exercise and depressive symptoms. The advantages include the ability to integrate varying study designs and the provision of a probabilistic framework that quantifies uncertainty through credible intervals. We first validated the transitivity, consistency and inconsistency assumptions against MBNMA. Due to the diversity of tools available for assessing depressive symptoms, we used the standardized mean difference (SMD, Hedges' g) and 95% credible intervals (CrI) to express the effect sizes and credibility. Next, we derived and compared the fit indices of the different models (i.e., Deviation Information Criterion (DIC), standard deviation between studies, parameters in the model, and residuals) and the corresponding fit and deviance plots. Dose-response relationships were plotted for the different sports based on the optimal model. For this study, we chose the best-fitting quadratic function model. The Beta coefficie",R - MBNMAdose,Cochrane risk of bias tool (ROB) ,GRADE,GRADE,"""To verify the robustness of the dose prediction model utilized in this study, we conducted further analyses to evaluate network connectivity among different exercise interventions and the CG.""",GRADE,GRADE,Accounted for,"""Next, we derived and compared the fit indices of the different models (i.e., Deviation Information Criterion (DIC)…""",Yes,Yes,Yes,Bayesian
Tian et al. (c) ,18,10.1093/ageing/afae211,UA Libraries,2024,"Comparative efficacy of various exercise types and doses for depression in older adults: a systematic review of paired, network and dose–response meta-analyses",NP,"Aerobic Exercise (AE),
mixed exercise, mind-body, resistence",Depressive scores,Older adults,80,"""The exact_dose parameter indicates the exact estimated METs per week that participants accumulated in the study. The dose indicates the group of doses by approximation. The residual_dose indicates the difference between the exact dose and the dose allocated by approximation.""","Continuous dose and group approximations are clearly documented; however, the authors did not justify why dose was grouped rather than analyzed continuously.",Primary,"""To enhance the precision of comparative effect estimates, we performed NMA to compare exercise modes that have not been directly compared in randomized controlled trials (RCTs), using both direct and indirect data. Frequency NMA were performed in the statistical software R (V.4.3.1). Network diagrams were first created to visualize all exercise modalities. We constructed rankings to show the relative effectiveness of different exercises for depression in older adults and used P-scores to rank the therapeutic effects of exercise (Rücker & Schwarzer, 2015)""","Seperate MBNMA to evaluate dose response: ""To investigate the dose–response relationship between exercise and depression in older adults, we conducted a dose– response analysis using a random-effects Bayesian modelbased network meta-analysis [30]. The quadratic function model showed the best fit in all cases and was used to assess the nonlinear dose–response relationship.""",R - MBNMAdose,Assessed the risk of bias using the Cochrane version 2 Risk of Bias (RoB2),GRADE,GRADE,GRADE,"""Inconsistent network models were applied to simultaneously examine the global consistency of the indirect and direct effects of pairwise comparisons and multi-arm comparisons.""","""Meta-regression sensitivity analyses were used to explore transitivity.""",Non linear,"""Network meta-regressions were conducted to investigate the potential moderating effects of the variables on model fit.""",Yes,Yes,Yes,Bayesian
Yuping et al.,19,10.1155/da/5716755,UA Libraries,2024,"The optimal type and dose of exercise for elevating brain-derived neurotrophic factor levels in patients with depression: A systematic review with pairwise, network, and dose–response meta-analyses",NP,Exercise,BDNF levels,"Clinical Depression: ""a. Studies involving adults (age ?18 years) with a clinical diagnosis of depression. b. Comparative studies of exercise interventions, including comparisons between exercise intervention groups and CGs, as well as comparisons between different types or intensities of exercise interventions. As shown in Table 1, six different types of exercise interventions are included. To assess the effects of exercise dose across various modalities, only studies involving long-term exercise interventions (defined as a duration of 4 weeks or more) were included, excluding acute exercise intervention trials [31, 32]. Therefore, the minimum duration of the exercise intervention required for inclusion was ?4 weeks. c. CGs could include different types of exercise interventions or any nonexercise interventions, such as usual care or cognitive care. d. Outcomes included changes in BDNF levels, reported in standard international units (e.g., ng/mL or pg/mL). e. Only randomized controlled trials (RCTs) were considered.""",36,"""Exercise dose= Intensity of the specific exercise modality (metabolic equivalent of tasks [METs]) × Weekly exercise frequency × Duration
of each exercise session [32]. The exercise dose was expressed in METs-min/week.""","Clear method for quantifying dose; however, the authors did not justify why dose was modeled as continuous rather than categorized.",Primary,"""NMA was conducted using MetaInsight v6.0.1 and R software version 4.4.1, with network plots and rank plots generated. MetaInsight, supported by Rand Shiny, wasutilizedfor frequency statistics calculations with the R package netmeta, while Bayesian statistical computations were performed using the R package gemtc. The initial NMA was carried out with MetaInsight. Subsequently, the R package “network” was employed to input relevant code and apply Bayesian Markov chain Monte Carlo (MCMC) methods to analyze and visualize results from the random-effects model. Data were assessed and processed a priori, with simulations conducted using four chains, an initial value of 2.5, a step size of 10, 25,000 iterations, and the first 5000 iterations discarded. Deviance information criterion (DIC) values were recorded. Convergence was assessed using Gelman–Rubin statistics, and surfaceunder thecumulativeranking curve (SUCRA) values were calculated and summarized. Local inconsistency was evaluated using node-splitting methods, with DIC values compared to those from consistency models; a difference of less than 5 was considered indicative of model stability. SUCRA values were used to generate Bayesian rank plots for the six exercise interventions, comparing their therapeutic effects.""","Seperate MBNMA to evaluate dose response: ""A Bayesian model-based NMA (MBNMA) was conducted to assess the dose-response effects of various exercise interventions on BDNF levels. To ensure the accuracy and reliability of the predicted outcomes, BDNF levels were consistently reported as MD and SE in ng/mL. The MBNMAdose framework integrates dose-response modeling with Bayesian NMA, facilitating the modeling of diverse dose-response functions to connect potentially disparate evidence networks and improve the precision of treatment effect estimates. A random-effects model-based MBNMAdose approach was employed to evaluate the dose-response relationships of different exercise interventions. Parameters for these dose-response relationships were estimated using Bayesian methods and MCMC algorithms, such as those implemented in Just Another Gibbs Sampler (JAGS) or Stan. Various dose-response functions, including the Emax model, were utilized. Complex model fitting and diagnostics were performed using the MBNMAdose package in R, in conjunction with the rjags or rstan and coda packages, to integrate multiple data sources, capture heterogeneity, and provide dose-dependent effect estimates. Dose-response curves were subsequently visualized using the ""ggplot2"" package""",R - MBNMAdose,"""Risk of Bias and Certainty of Evidence. The risk of bias for all included studies was evaluated using the Cochrane Risk of Bias tool, version 2"".","""Heterogeneity among studies was evaluated using the I2 statistic and the Q-test.""","""The overall risk of bias across studies was statistically analyzed using RevMan 5.4 software.""","""To verify the robustness of the dose prediction model utilized in this study, we conducted further analyses to evaluate network connectivity among different exercise interventions and the CG.""","""Moreover, the consistency between direct and indirect evidence was evaluated using the nodesplitting method, with results summarized in Table S2.""",None,Treated as non-linear,"""To further assess the model fit and validate the robustness of the NMA results, additional analyses were conducted. Detailed results are available in the Supporting Information. According to the Supporting Information, there was no significant difference between the random-effects model (DIC=155.66) and the unrelated mean effects model (DIC=148.47), based on 74 data points for BDNF (Table S1).""",Yes,Yes,No,Bayesian
Zhou et al. (a),21,10.1093/sleep/zsad177,UA Libraries,2023,"Efficacy and dose–response relationships of antidepressants in the
acute treatment of major depressive disorders: a systematic review
and network meta-analysis",P ,22 antidepressants,"Efficacy of antidepressants (response rate, defined as ?50% reduction of the total score on an observer-rated scale, or defined by the original study) and the dose–response relationships","MDD: We included double-blinded RCTs involving the adults
?18 years with a primary diagnosis of MDD and comparing
the effects of antidepressants with a placebo,
other antidepressants, or different doses of the same
antidepressant. The oral antidepressants should be
administrated as a monotherapy in RCTs focusing on
acute treatment of MDD.",160,"""Only fixed-dose arms were included in the dose-effect modeling.""","No explicit justification. Fixed-dose arms included, but reasoning for excluding flexible doses is not explicitly stated.",Primary,"""We conducted network meta-analyses using the frequentist approach, where different doses of the same antidepressant were treated as a single treatment""","Seperate MBNMA to evaluate dose response: ""Moreover, we implemented MBMA to explore the dose–response relationships using a Bayesian approach. The Emax model[12] that is widely used to describe drug efficacy was applied to estimate the median and maximum effects and their 95% credible intervals (95% CrI). We performed the statistical analyses by using the netmeta, gemtc, and MBMA dose packages in R (version 4.0.1; R foundation for Statistical Computing, Vienna, Austria). All the values of P <0.05 were considered statistically significant.""","R - netmeta, gemtc,
MBMA","""The risk of bias in each study was assessed using the Cochrane Risk of Bias Tool (RoB2.0), which assesses the following domains: randomization, deviation from the intended interventions, missing outcome data, outcome measures, selection of the reported results, and overall bias.""","""Heterogeneity among the studies was assessed using the I2 statistic.""",None,None,"""Global and local inconsistencies were evaluated using the generalized Q test and node split approach, respectively.""","""Additionally, the transitivity assumption was assessed by comparing the baseline characteristics of populations with different treatments.""",Assessed,None,No,Yes,Yes,"Frequentist for NMA, Bayesian for Dose NMA"
Zhou et al. (b),20,10.1097/cm9.0000000000003138,UA Libraries,2023,"Adverse effects of 21 antidepressants on sleep during acute-phase treatment in major depressive disorder: a
systemic review and dose-effect network meta-analysis",P ,21 antidepressants,"Somnolence
and insomnia","MDD: ""Double-blinded RCTs involving adults (?18 years) with MDD and that compared antidepressants with placebo, compared different antidepressants, or compared different doses of antidepressants were eligible. Studies reporting sleep-related adverse effects that occurred during the trial period were included.""",163,"""We included fixeddose and flexible-dose trials in our analysis regarding the dose–response relationship of individual drugs.""","No explicit justification. Inclusion is stated, but no rationale or analytic reasoning is provided.",Primary,"""We conducted network meta-analyses using the frequentist method, where different doses of the same antidepressant were treated as a single treatment.""","Seperate MBNMA to evaluate dose response: ""Using a Bayesian approach, we implemented model-based network meta-analyses to explore the dose-effect relationship between dose and the risks for sleep-related adverse effects. We estimated the maximum effect (ORmax) and its 95% credible interval (95%CrI) using an Emax model [25]. Only fixed-dose arms were included in the dose-effect modeling.""","R - Netmeta, gemtc, MBNMAdose","""The risk of bias in each included study was assessed using the Cochrane risk of bias tool (RoB2.0), which assesses the following domains: randomization, deviation from the intended interventions, missing outcome data, outcome measures, selection of the reported results, and overall bias.""","""Heterogeneity among studies was assessed using the ?2 and I2 statistics.""","""The quality of evidence for results in network meta-analyses was rated through the Grading of Recommendations Assessment, Development, and Evaluation (GRADE) process from five aspects, including risk of bias, imprecision, inconsistency, indirectness, and publication bias.""",Yes - Network plot provided,GRADE,"""The transitivity assumption was assessed by comparing the baseline characteristics of populations with different treatment comparisons, and box plots were used to display the similarity of the baseline characteristics.""",Assessed,None,Yes,Yes,Yes,Bayesian
Zhu et al.,22,10.1016/j.jpsychores.2025.112061,UA Libraries,2025,Which type and dosage of mindfulness-based interventions are most effective for chronic pain? A systematic review and network meta-analysis,NP,"""All types, durations, and delivery modes of MBIs used as primary interventions were included. Most studies concentrated on MBSR (39 studies, 57.4%), followed by MBCT (12 studies, 17.6%). Five studies focused on MM (7.4%), while three studies each examined MORE (4.4%) and MBPM (4.4%). Additionally, there were two studies on mindfulness-based body scan (2.9%) and one study each on MAT, MSC, mindful socioemotional regulation intervention, and mindful walking (1.5% each).""","The Visual Analog Scale, the Brief Pain Inventory’s pain interference
subscale, and the depression subscale of the Hospital Anxiety and
Depression Scale are the most frequently utilized measures for assessing
pain intensity, physical function, and depression across studies.","Chronic Pain: ""All parallel randomized controlled trials (RCTs) which evaluated the
effectiveness of MBIs in chronic pain were included.""",68,"""The most common dosage of MBIs is 8 weeks, once weekly for 120 min, reported in 17 studies (25%). This is followed by 8 weeks, once weekly for 150 min (14 studies, 20.6%) and 8 weeks, once weekly for 90 min (7 studies, 10.3%). Other dosages were represented in only 1–2 studies. The mean total dosage was 888.13 min (SD = 320.06), with a median of 960.0 min and an interquartile range of 720.0 to 1200.0 min.""","Continuous dose reported descriptively, but authors did not justify why total minutes were treated as continuous rather than categorized.",Primary,"""NMA was used to explore comparisons of different types and dosages of MBIs. NMA is a method that facilitates the simultaneous comparison of multiple treatments by integrating both direct and indirect evidence from a network of RCTs. NMA generates treatment hierarchies, which can be particularly valuable for decision-making, especially in situations where various interventions are available for the same condition. The surface under the cumulative ranking curve (SUCRA) was used to provide a hierarchy ranking for different types and dosages of MBIs. The SUCRA value reflects the likelihood that a treatment ranks among the best options available. A higher SUCRA value indicates a greater likelihood that the treatment ranks among the top positions""","Seperate analysis: ""The dose-effect relationship was assessed through visual methods and linear and nonlinear models. A scatterplot of total dosage (minutes) against clinical benefit (treatment-inactive control SMD) was used to identify trends and diminishing returns. Linear, quadratic, and logarithmic models were compared using Akaike Information Criterion to determine the best fit and assess potential diminishing returns at higher doses.""","R - meta, netmeta",Cochrane risk-of-bias tool 2,"""Heterogeneity was examined using the Higgins I2 statistic and ?2 (tau-squared). An I2 level of <25%, 25%–50%, and >50% indicate low, moderate, and high heterogeneity, respectively. A higher ?2 value indicates more substantial heterogeneity in meta-analysis""","Grading of Recommendations Assessment, Development, and Evaluation (GRADE) approach",None,No,No,Assessed through visual methods and linear and nonlinear models.,"""Linear, quadratic, and logarithmic models were compared using Akaike Information Criterion to determine the best fit and assess potential diminishing returns at higher doses.""",No,No,No,Frequentist
